list,order,item,audio,condition,prime,prime_1,noun_repetition,prime_description,target_description,display_1,boxed_object,target_noun,target_colour,target_pattern,prime_noun,prime_colour,prime_pattern,filler_prime_category,filler_target_category,target_object,distractor5_sameNoun_differentColor_differentPatternFromTarget,non_repeated_prime,distractor1_sameNoun_sameColor_differentPatternFromTarget,distractor2_sameNoun_differentColor_samePatternAsTarget,distractor3_differentNoun_sameColor_patternAsTarget,distractor4_differentNoun_sameColor_differentPatternFromTarget,repeated_prime,targetPosition,distractor5,nonRepeatedPrime,distractor1,distractor2,distractor3,distractor4,repeatedPrime,expTrials,box_position,targetImg,boxPos,pos1,pos2,pos3,pos4,pos5,pos6,pos7,pos8
1,44,f20,f20.mp3,9,9,9,repeated,The fly facing right,small fly,9,,fly,,,fly,,,directionoun category,size,flySmall,,,,,,,,,,,,,,,,N,5,6,5,donkeyLargeRight.png,flyLarge.png,donkeyLargeLeft.png,donkeyLargeRight.png,flySmall.png,flyRight.png,donkeyLargeLeft.png,donkeyLargeRight.png
2,44,f20,f20.mp3,9,9,9,repeated,The fly facing right,small fly,9,,fly,,,fly,,,directionoun category,size,flySmall,,,,,,,,,,,,,,,,N,5,6,5,donkeyLargeRight.png,flyLarge.png,donkeyLargeLeft.png,donkeyLargeRight.png,flySmall.png,flyRight.png,donkeyLargeLeft.png,donkeyLargeRight.png
3,44,f20,f20.mp3,9,9,9,repeated,The fly facing right,small fly,9,,fly,,,fly,,,directionoun category,size,flySmall,,,,,,,,,,,,,,,,N,5,6,5,donkeyLargeRight.png,flyLarge.png,donkeyLargeLeft.png,donkeyLargeRight.png,flySmall.png,flyRight.png,donkeyLargeLeft.png,donkeyLargeRight.png
4,44,f20,f20.mp3,9,9,9,repeated,The fly facing right,small fly,9,,fly,,,fly,,,directionoun category,size,flySmall,,,,,,,,,,,,,,,,N,5,6,5,donkeyLargeRight.png,flyLarge.png,donkeyLargeLeft.png,donkeyLargeRight.png,flySmall.png,flyRight.png,donkeyLargeLeft.png,donkeyLargeRight.png
1,45,19,19_PC_non.mp3,2,PC,0,non-repeated,The striped blue belt,green spotted boot,0,boot_green_spotted,boot,green,spotted,belt,blue,striped,,,boot_green_spotted,boot_blue_striped,belt_blue_striped,boot_green_striped,boot_blue_spotted,belt_green_spotted,belt_green_striped,belt_blue_spotted,5,2,7,8,3,4,6,1,Y,5,7,5,belt_blue_spotted.png,boot_blue_striped.png,boot_blue_spotted.png,belt_green_spotted.png,boot_green_spotted.png,belt_green_striped.png,belt_blue_striped.png,boot_green_striped.png
2,45,19,19_PC_rep.mp3,4,PC,0,repeated,The spotted blue belt,green spotted boot,1,boot_green_spotted,boot,green,spotted,belt,blue,striped,,,boot_green_spotted,boot_blue_striped,belt_blue_striped,boot_green_striped,boot_blue_spotted,belt_green_spotted,belt_green_striped,belt_blue_spotted,5,2,7,8,3,4,6,1,Y,5,1,5,belt_blue_spotted.png,boot_blue_striped.png,boot_blue_spotted.png,belt_green_spotted.png,boot_green_spotted.png,belt_green_striped.png,belt_blue_striped.png,boot_green_striped.png
3,45,19,19_CP_non.mp3,1,CP,1,non-repeated,The blue striped belt,green spotted boot,0,boot_green_spotted,boot,green,spotted,belt,blue,striped,,,boot_green_spotted,boot_blue_striped,belt_blue_striped,boot_green_striped,boot_blue_spotted,belt_green_spotted,belt_green_striped,belt_blue_spotted,5,2,7,8,3,4,6,1,Y,5,7,5,belt_blue_spotted.png,boot_blue_striped.png,boot_blue_spotted.png,belt_green_spotted.png,boot_green_spotted.png,belt_green_striped.png,belt_blue_striped.png,boot_green_striped.png
4,45,19,19_CP_rep.mp3,3,CP,1,repeated,The blue spotted belt,green spotted boot,1,boot_green_spotted,boot,green,spotted,belt,blue,striped,,,boot_green_spotted,boot_blue_striped,belt_blue_striped,boot_green_striped,boot_blue_spotted,belt_green_spotted,belt_green_striped,belt_blue_spotted,5,2,7,8,3,4,6,1,Y,5,1,5,belt_blue_spotted.png,boot_blue_striped.png,boot_blue_spotted.png,belt_green_spotted.png,boot_green_spotted.png,belt_green_striped.png,belt_blue_striped.png,boot_green_striped.png
1,46,f15,f15.mp3,9,9,9,non-repeated,The small caterpillar,candle,9,,candle,,,caterpillar,,,noun category,noun category,candleGreenLarge,,,,,,,,,,,,,,,,N,8,4,8,chiselBlueLarge.png,chiselRedLarge.png,caterpillarGreenLarge.png,caterpillarGreenSmall.png,chiselBlueLarge.png,chiselRedLarge.png,chiselBlueLarge.png,candleGreenLarge.png
2,46,f15,f15.mp3,9,9,9,non-repeated,The small caterpillar,candle,9,,candle,,,caterpillar,,,noun category,noun category,candleGreenLarge,,,,,,,,,,,,,,,,N,8,4,8,chiselBlueLarge.png,chiselRedLarge.png,caterpillarGreenLarge.png,caterpillarGreenSmall.png,chiselBlueLarge.png,chiselRedLarge.png,chiselBlueLarge.png,candleGreenLarge.png
3,46,f15,f15.mp3,9,9,9,non-repeated,The small caterpillar,candle,9,,candle,,,caterpillar,,,noun category,noun category,candleGreenLarge,,,,,,,,,,,,,,,,N,8,4,8,chiselBlueLarge.png,chiselRedLarge.png,caterpillarGreenLarge.png,caterpillarGreenSmall.png,chiselBlueLarge.png,chiselRedLarge.png,chiselBlueLarge.png,candleGreenLarge.png
4,46,f15,f15.mp3,9,9,9,non-repeated,The small caterpillar,candle,9,,candle,,,caterpillar,,,noun category,noun category,candleGreenLarge,,,,,,,,,,,,,,,,N,8,4,8,chiselBlueLarge.png,chiselRedLarge.png,caterpillarGreenLarge.png,caterpillarGreenSmall.png,chiselBlueLarge.png,chiselRedLarge.png,chiselBlueLarge.png,candleGreenLarge.png
1,47,20,20_CP_non.mp3,1,CP,1,non-repeated,The green spotted lock,blue striped bow,0,bow_blue_striped,bow,blue,striped,lock,green,spotted,,,bow_blue_striped,bow_green_spotted,lock_green_spotted,bow_blue_spotted,bow_green_striped,lock_blue_striped,lock_blue_spotted,lock_green_striped,1,4,3,8,6,7,5,2,Y,1,3,1,bow_blue_striped.png,lock_green_striped.png,lock_green_spotted.png,bow_green_spotted.png,lock_blue_spotted.png,bow_green_striped.png,lock_blue_striped.png,bow_blue_spotted.png
2,47,20,20_CP_rep.mp3,3,CP,1,repeated,The green striped lock,blue striped bow,1,bow_blue_striped,bow,blue,striped,lock,green,spotted,,,bow_blue_striped,bow_green_spotted,lock_green_spotted,bow_blue_spotted,bow_green_striped,lock_blue_striped,lock_blue_spotted,lock_green_striped,1,4,3,8,6,7,5,2,Y,1,2,1,bow_blue_striped.png,lock_green_striped.png,lock_green_spotted.png,bow_green_spotted.png,lock_blue_spotted.png,bow_green_striped.png,lock_blue_striped.png,bow_blue_spotted.png
3,47,20,20_PC_non.mp3,2,PC,0,non-repeated,The spotted green lock,blue striped bow,0,bow_blue_striped,bow,blue,striped,lock,green,spotted,,,bow_blue_striped,bow_green_spotted,lock_green_spotted,bow_blue_spotted,bow_green_striped,lock_blue_striped,lock_blue_spotted,lock_green_striped,1,4,3,8,6,7,5,2,Y,1,3,1,bow_blue_striped.png,lock_green_striped.png,lock_green_spotted.png,bow_green_spotted.png,lock_blue_spotted.png,bow_green_striped.png,lock_blue_striped.png,bow_blue_spotted.png
4,47,20,20_PC_rep.mp3,4,PC,0,repeated,The striped green lock,blue striped bow,1,bow_blue_striped,bow,blue,striped,lock,green,spotted,,,bow_blue_striped,bow_green_spotted,lock_green_spotted,bow_blue_spotted,bow_green_striped,lock_blue_striped,lock_blue_spotted,lock_green_striped,1,4,3,8,6,7,5,2,Y,1,2,1,bow_blue_striped.png,lock_green_striped.png,lock_green_spotted.png,bow_green_spotted.png,lock_blue_spotted.png,bow_green_striped.png,lock_blue_striped.png,bow_blue_spotted.png
1,48,f31,f31.mp3,9,9,9,repeated,The large motorcycle,motorcycle facing right,9,,motorcycle,,,motorcycle,,,size,direction,motorcycleSmallRight,,,,,,,,,,,,,,,,N,8,1,8,motorcycleLargeLeft.png,cup_red_chequered.png,toothbrush_blue_chequered.png,motorcycleSmallLeft.png,cup_red_chequered.png,toothbrush_blue_chequered.png,cup_red_chequered.png,motorcycleSmallRight.png
2,48,f31,f31.mp3,9,9,9,repeated,The large motorcycle,motorcycle facing right,9,,motorcycle,,,motorcycle,,,size,direction,motorcycleSmallRight,,,,,,,,,,,,,,,,N,8,1,8,motorcycleLargeLeft.png,cup_red_chequered.png,toothbrush_blue_chequered.png,motorcycleSmallLeft.png,cup_red_chequered.png,toothbrush_blue_chequered.png,cup_red_chequered.png,motorcycleSmallRight.png
3,48,f31,f31.mp3,9,9,9,repeated,The large motorcycle,motorcycle facing right,9,,motorcycle,,,motorcycle,,,size,direction,motorcycleSmallRight,,,,,,,,,,,,,,,,N,8,1,8,motorcycleLargeLeft.png,cup_red_chequered.png,toothbrush_blue_chequered.png,motorcycleSmallLeft.png,cup_red_chequered.png,toothbrush_blue_chequered.png,cup_red_chequered.png,motorcycleSmallRight.png
4,48,f31,f31.mp3,9,9,9,repeated,The large motorcycle,motorcycle facing right,9,,motorcycle,,,motorcycle,,,size,direction,motorcycleSmallRight,,,,,,,,,,,,,,,,N,8,1,8,motorcycleLargeLeft.png,cup_red_chequered.png,toothbrush_blue_chequered.png,motorcycleSmallLeft.png,cup_red_chequered.png,toothbrush_blue_chequered.png,cup_red_chequered.png,motorcycleSmallRight.png
1,49,f38,f38.mp3,9,9,9,non-repeated,The sledge,caterpillar,9,,sledge,,,sledge,,,noun category,noun category,caterpillarGreenLarge,,,,,,,,,,,,,,,,N,1,8,1,caterpillarGreenLarge.png,butterflyBlueLarge.png,butterflyRedLarge.png,butterflyBlueLarge.png,butterflyBlueLarge.png,butterflyRedLarge.png,butterflyBlueLarge.png,sledgeGreenLargeRight.png
2,49,f38,f38.mp3,9,9,9,non-repeated,The sledge,caterpillar,9,,sledge,,,sledge,,,noun category,noun category,caterpillarGreenLarge,,,,,,,,,,,,,,,,N,1,8,1,caterpillarGreenLarge.png,butterflyBlueLarge.png,butterflyRedLarge.png,butterflyBlueLarge.png,butterflyBlueLarge.png,butterflyRedLarge.png,butterflyBlueLarge.png,sledgeGreenLargeRight.png
3,49,f38,f38.mp3,9,9,9,non-repeated,The sledge,caterpillar,9,,sledge,,,sledge,,,noun category,noun category,caterpillarGreenLarge,,,,,,,,,,,,,,,,N,1,8,1,caterpillarGreenLarge.png,butterflyBlueLarge.png,butterflyRedLarge.png,butterflyBlueLarge.png,butterflyBlueLarge.png,butterflyRedLarge.png,butterflyBlueLarge.png,sledgeGreenLargeRight.png
4,49,f38,f38.mp3,9,9,9,non-repeated,The sledge,caterpillar,9,,sledge,,,sledge,,,noun category,noun category,caterpillarGreenLarge,,,,,,,,,,,,,,,,N,1,8,1,caterpillarGreenLarge.png,butterflyBlueLarge.png,butterflyRedLarge.png,butterflyBlueLarge.png,butterflyBlueLarge.png,butterflyRedLarge.png,butterflyBlueLarge.png,sledgeGreenLargeRight.png
1,50,21,21_CP_rep.mp3,3,CP,1,repeated,The red spotted handbag,green spotted stool,1,stool_green_spotted,stool,green,spotted,handbag,red,striped,,,stool_green_spotted,stool_red_striped,handbag_red_striped,stool_green_striped,stool_red_spotted,handbag_green_spotted,handbag_green_striped,handbag_red_spotted,7,4,1,2,3,5,6,8,Y,7,8,7,handbag_red_striped.png,stool_green_striped.png,stool_red_spotted.png,stool_red_striped.png,handbag_green_spotted.png,handbag_green_striped.png,stool_green_spotted.png,handbag_red_spotted.png
2,50,21,21_PC_non.mp3,2,PC,0,non-repeated,The striped red handbag,green spotted stool,0,stool_green_spotted,stool,green,spotted,handbag,red,striped,,,stool_green_spotted,stool_red_striped,handbag_red_striped,stool_green_striped,stool_red_spotted,handbag_green_spotted,handbag_green_striped,handbag_red_spotted,7,4,1,2,3,5,6,8,Y,7,1,7,handbag_red_striped.png,stool_green_striped.png,stool_red_spotted.png,stool_red_striped.png,handbag_green_spotted.png,handbag_green_striped.png,stool_green_spotted.png,handbag_red_spotted.png
3,50,21,21_PC_rep.mp3,4,PC,0,repeated,The spotted red handbag,green spotted stool,1,stool_green_spotted,stool,green,spotted,handbag,red,striped,,,stool_green_spotted,stool_red_striped,handbag_red_striped,stool_green_striped,stool_red_spotted,handbag_green_spotted,handbag_green_striped,handbag_red_spotted,7,4,1,2,3,5,6,8,Y,7,8,7,handbag_red_striped.png,stool_green_striped.png,stool_red_spotted.png,stool_red_striped.png,handbag_green_spotted.png,handbag_green_striped.png,stool_green_spotted.png,handbag_red_spotted.png
4,50,21,21_CP_non.mp3,1,CP,1,non-repeated,The red striped handbag,green spotted stool,0,stool_green_spotted,stool,green,spotted,handbag,red,striped,,,stool_green_spotted,stool_red_striped,handbag_red_striped,stool_green_striped,stool_red_spotted,handbag_green_spotted,handbag_green_striped,handbag_red_spotted,7,4,1,2,3,5,6,8,Y,7,1,7,handbag_red_striped.png,stool_green_striped.png,stool_red_spotted.png,stool_red_striped.png,handbag_green_spotted.png,handbag_green_striped.png,stool_green_spotted.png,handbag_red_spotted.png
1,51,f17,f17.mp3,9,9,9,repeated,The alligator facing right,small alligator,9,,alligator,,,alligator,,,directionoun category,size,alligatorSmallLeft,,,,,,,,,,,,,,,,N,2,5,2,helicopterLargeLeft.png,alligatorSmallLeft.png,helicopterLargeLeft.png,helicopterLargeLeft.png,alligatorLargeRight.png,helicopterLargeLeft.png,alligatorLargeLeft.png,helicopterLargeLeft.png
2,51,f17,f17.mp3,9,9,9,repeated,The alligator facing right,small alligator,9,,alligator,,,alligator,,,directionoun category,size,alligatorSmallLeft,,,,,,,,,,,,,,,,N,2,5,2,helicopterLargeLeft.png,alligatorSmallLeft.png,helicopterLargeLeft.png,helicopterLargeLeft.png,alligatorLargeRight.png,helicopterLargeLeft.png,alligatorLargeLeft.png,helicopterLargeLeft.png
3,51,f17,f17.mp3,9,9,9,repeated,The alligator facing right,small alligator,9,,alligator,,,alligator,,,directionoun category,size,alligatorSmallLeft,,,,,,,,,,,,,,,,N,2,5,2,helicopterLargeLeft.png,alligatorSmallLeft.png,helicopterLargeLeft.png,helicopterLargeLeft.png,alligatorLargeRight.png,helicopterLargeLeft.png,alligatorLargeLeft.png,helicopterLargeLeft.png
4,51,f17,f17.mp3,9,9,9,repeated,The alligator facing right,small alligator,9,,alligator,,,alligator,,,directionoun category,size,alligatorSmallLeft,,,,,,,,,,,,,,,,N,2,5,2,helicopterLargeLeft.png,alligatorSmallLeft.png,helicopterLargeLeft.png,helicopterLargeLeft.png,alligatorLargeRight.png,helicopterLargeLeft.png,alligatorLargeLeft.png,helicopterLargeLeft.png
1,52,22,22_PC_non.mp3,2,PC,0,non-repeated,The spotted green jug,red chequered balloon,0,balloon_red_chequered,balloon,red,chequered,pitcher,green,spotted,,,balloon_red_chequered,balloon_green_spotted,pitcher_green_spotted,balloon_red_spotted,balloon_green_chequered,pitcher_red_chequered,pitcher_red_spotted,pitcher_green_chequered,8,5,2,4,6,1,7,3,Y,8,2,8,pitcher_red_chequered.png,pitcher_green_spotted.png,pitcher_green_chequered.png,balloon_red_spotted.png,balloon_green_spotted.png,balloon_green_chequered.png,pitcher_red_spotted.png,balloon_red_chequered.png
2,52,22,22_PC_rep.mp3,4,PC,0,repeated,The chequered green jug,red chequered balloon,1,balloon_red_chequered,balloon,red,chequered,pitcher,green,spotted,,,balloon_red_chequered,balloon_green_spotted,pitcher_green_spotted,balloon_red_spotted,balloon_green_chequered,pitcher_red_chequered,pitcher_red_spotted,pitcher_green_chequered,8,5,2,4,6,1,7,3,Y,8,3,8,pitcher_red_chequered.png,pitcher_green_spotted.png,pitcher_green_chequered.png,balloon_red_spotted.png,balloon_green_spotted.png,balloon_green_chequered.png,pitcher_red_spotted.png,balloon_red_chequered.png
3,52,22,22_CP_non.mp3,1,CP,1,non-repeated,The green spotted jug,red chequered balloon,0,balloon_red_chequered,balloon,red,chequered,pitcher,green,spotted,,,balloon_red_chequered,balloon_green_spotted,pitcher_green_spotted,balloon_red_spotted,balloon_green_chequered,pitcher_red_chequered,pitcher_red_spotted,pitcher_green_chequered,8,5,2,4,6,1,7,3,Y,8,2,8,pitcher_red_chequered.png,pitcher_green_spotted.png,pitcher_green_chequered.png,balloon_red_spotted.png,balloon_green_spotted.png,balloon_green_chequered.png,pitcher_red_spotted.png,balloon_red_chequered.png
4,52,22,22_CP_rep.mp3,3,CP,1,repeated,The green chequered jug,red chequered balloon,1,balloon_red_chequered,balloon,red,chequered,pitcher,green,spotted,,,balloon_red_chequered,balloon_green_spotted,pitcher_green_spotted,balloon_red_spotted,balloon_green_chequered,pitcher_red_chequered,pitcher_red_spotted,pitcher_green_chequered,8,5,2,4,6,1,7,3,Y,8,3,8,pitcher_red_chequered.png,pitcher_green_spotted.png,pitcher_green_chequered.png,balloon_red_spotted.png,balloon_green_spotted.png,balloon_green_chequered.png,pitcher_red_spotted.png,balloon_red_chequered.png
1,53,f01,f01.mp3,9,9,9,repeated,The large anchor,anchor facing left,9,,anchor,,,anchor,,,size,direction,anchorRedSmall,,,,,,,,,,,,,,,,N,1,2,1,anchorRedSmall.png,anchorRedLargeRight.png,turtleGreenLargeRight.png,turtleGreenSmallLeft.png,donkeyLargeRight.png,turtleGreenSmallRight.png,anchorRedSmallRight.png,turtleGreenLargeLeft.png
2,53,f01,f01.mp3,9,9,9,repeated,The large anchor,anchor facing left,9,,anchor,,,anchor,,,size,direction,anchorRedSmall,,,,,,,,,,,,,,,,N,1,2,1,anchorRedSmall.png,anchorRedLargeRight.png,turtleGreenLargeRight.png,turtleGreenSmallLeft.png,donkeyLargeRight.png,turtleGreenSmallRight.png,anchorRedSmallRight.png,turtleGreenLargeLeft.png
3,53,f01,f01.mp3,9,9,9,repeated,The large anchor,anchor facing left,9,,anchor,,,anchor,,,size,direction,anchorRedSmall,,,,,,,,,,,,,,,,N,1,2,1,anchorRedSmall.png,anchorRedLargeRight.png,turtleGreenLargeRight.png,turtleGreenSmallLeft.png,donkeyLargeRight.png,turtleGreenSmallRight.png,anchorRedSmallRight.png,turtleGreenLargeLeft.png
4,53,f01,f01.mp3,9,9,9,repeated,The large anchor,anchor facing left,9,,anchor,,,anchor,,,size,direction,anchorRedSmall,,,,,,,,,,,,,,,,N,1,2,1,anchorRedSmall.png,anchorRedLargeRight.png,turtleGreenLargeRight.png,turtleGreenSmallLeft.png,donkeyLargeRight.png,turtleGreenSmallRight.png,anchorRedSmallRight.png,turtleGreenLargeLeft.png
1,54,23,23_PC_rep.mp3,4,PC,0,repeated,The striped green star,blue striped sock,1,sock_blue_striped,sock,blue,striped,star,green,chequered,,,sock_blue_striped,sock_green_chequered,star_green_chequered,sock_blue_chequered,sock_green_striped,star_blue_striped,star_blue_chequered,star_green_striped,7,6,1,4,2,3,5,8,Y,7,8,7,star_green_chequered.png,sock_green_striped.png,star_blue_striped.png,sock_blue_chequered.png,star_blue_chequered.png,sock_green_chequered.png,sock_blue_striped.png,star_green_striped.png
2,54,23,23_CP_non.mp3,1,CP,1,non-repeated,The green chequered star,blue striped sock,0,sock_blue_striped,sock,blue,striped,star,green,chequered,,,sock_blue_striped,sock_green_chequered,star_green_chequered,sock_blue_chequered,sock_green_striped,star_blue_striped,star_blue_chequered,star_green_striped,7,6,1,4,2,3,5,8,Y,7,1,7,star_green_chequered.png,sock_green_striped.png,star_blue_striped.png,sock_blue_chequered.png,star_blue_chequered.png,sock_green_chequered.png,sock_blue_striped.png,star_green_striped.png
3,54,23,23_CP_rep.mp3,3,CP,1,repeated,The green striped star,blue striped sock,1,sock_blue_striped,sock,blue,striped,star,green,chequered,,,sock_blue_striped,sock_green_chequered,star_green_chequered,sock_blue_chequered,sock_green_striped,star_blue_striped,star_blue_chequered,star_green_striped,7,6,1,4,2,3,5,8,Y,7,8,7,star_green_chequered.png,sock_green_striped.png,star_blue_striped.png,sock_blue_chequered.png,star_blue_chequered.png,sock_green_chequered.png,sock_blue_striped.png,star_green_striped.png
4,54,23,23_PC_non.mp3,2,PC,0,non-repeated,The chequered green star,blue striped sock,0,sock_blue_striped,sock,blue,striped,star,green,chequered,,,sock_blue_striped,sock_green_chequered,star_green_chequered,sock_blue_chequered,sock_green_striped,star_blue_striped,star_blue_chequered,star_green_striped,7,6,1,4,2,3,5,8,Y,7,1,7,star_green_chequered.png,sock_green_striped.png,star_blue_striped.png,sock_blue_chequered.png,star_blue_chequered.png,sock_green_chequered.png,sock_blue_striped.png,star_green_striped.png
1,55,f34,f34.mp3,9,9,9,non-repeated,The chisel,small moon,9,,moon,,,chisel,,,noun category,size,moonBlueSmallLeft,,,,,,,,,,,,,,,,N,7,4,7,moonBlueLargeLeft.png,handleGreenLarge.png,handleGreenLarge.png,chiselBlueLarge.png,handleGreenLarge.png,handleBlueLarge.png,moonBlueSmallLeft.png,handleGreenLarge.png
2,55,f34,f34.mp3,9,9,9,non-repeated,The chisel,small moon,9,,moon,,,chisel,,,noun category,size,moonBlueSmallLeft,,,,,,,,,,,,,,,,N,7,4,7,moonBlueLargeLeft.png,handleGreenLarge.png,handleGreenLarge.png,chiselBlueLarge.png,handleGreenLarge.png,handleBlueLarge.png,moonBlueSmallLeft.png,handleGreenLarge.png
3,55,f34,f34.mp3,9,9,9,non-repeated,The chisel,small moon,9,,moon,,,chisel,,,noun category,size,moonBlueSmallLeft,,,,,,,,,,,,,,,,N,7,4,7,moonBlueLargeLeft.png,handleGreenLarge.png,handleGreenLarge.png,chiselBlueLarge.png,handleGreenLarge.png,handleBlueLarge.png,moonBlueSmallLeft.png,handleGreenLarge.png
4,55,f34,f34.mp3,9,9,9,non-repeated,The chisel,small moon,9,,moon,,,chisel,,,noun category,size,moonBlueSmallLeft,,,,,,,,,,,,,,,,N,7,4,7,moonBlueLargeLeft.png,handleGreenLarge.png,handleGreenLarge.png,chiselBlueLarge.png,handleGreenLarge.png,handleBlueLarge.png,moonBlueSmallLeft.png,handleGreenLarge.png
1,56,f26,f26.mp3,9,9,9,repeated,The bird facing left,large bird,9,,bird,,,bird,,,directionoun category,size,birdBlueLargeRight,,,,,,,,,,,,,,,,N,3,2,3,truckBlueLargeRight.png,birdBlueSmallLeft.png,birdBlueLargeRight.png,truckGreenLargeLeft.png,truckBlueLargeRight.png,birdBlueSmall.png,truckGreenLargeLeft.png,truckGreenLargeLeft.png
2,56,f26,f26.mp3,9,9,9,repeated,The bird facing left,large bird,9,,bird,,,bird,,,directionoun category,size,birdBlueLargeRight,,,,,,,,,,,,,,,,N,3,2,3,truckBlueLargeRight.png,birdBlueSmallLeft.png,birdBlueLargeRight.png,truckGreenLargeLeft.png,truckBlueLargeRight.png,birdBlueSmall.png,truckGreenLargeLeft.png,truckGreenLargeLeft.png
3,56,f26,f26.mp3,9,9,9,repeated,The bird facing left,large bird,9,,bird,,,bird,,,directionoun category,size,birdBlueLargeRight,,,,,,,,,,,,,,,,N,3,2,3,truckBlueLargeRight.png,birdBlueSmallLeft.png,birdBlueLargeRight.png,truckGreenLargeLeft.png,truckBlueLargeRight.png,birdBlueSmall.png,truckGreenLargeLeft.png,truckGreenLargeLeft.png
4,56,f26,f26.mp3,9,9,9,repeated,The bird facing left,large bird,9,,bird,,,bird,,,directionoun category,size,birdBlueLargeRight,,,,,,,,,,,,,,,,N,3,2,3,truckBlueLargeRight.png,birdBlueSmallLeft.png,birdBlueLargeRight.png,truckGreenLargeLeft.png,truckBlueLargeRight.png,birdBlueSmall.png,truckGreenLargeLeft.png,truckGreenLargeLeft.png
1,57,24,24_CP_non.mp3,1,CP,1,non-repeated,The red striped iron,green chequered shoe,0,shoe_green_chequered,shoe,green,chequered,iron,red,striped,,,shoe_green_chequered,shoe_red_striped,iron_red_striped,shoe_green_striped,shoe_red_chequered,iron_green_chequered,iron_green_striped,iron_red_chequered,5,2,6,3,7,4,8,1,Y,5,6,5,iron_red_chequered.png,shoe_red_striped.png,shoe_green_striped.png,iron_green_chequered.png,shoe_green_chequered.png,iron_red_striped.png,shoe_red_chequered.png,iron_green_striped.png
2,57,24,24_CP_rep.mp3,3,CP,1,repeated,The red chequered iron,green chequered shoe,1,shoe_green_chequered,shoe,green,chequered,iron,red,striped,,,shoe_green_chequered,shoe_red_striped,iron_red_striped,shoe_green_striped,shoe_red_chequered,iron_green_chequered,iron_green_striped,iron_red_chequered,5,2,6,3,7,4,8,1,Y,5,1,5,iron_red_chequered.png,shoe_red_striped.png,shoe_green_striped.png,iron_green_chequered.png,shoe_green_chequered.png,iron_red_striped.png,shoe_red_chequered.png,iron_green_striped.png
3,57,24,24_PC_non.mp3,2,PC,0,non-repeated,The striped red iron,green chequered shoe,0,shoe_green_chequered,shoe,green,chequered,iron,red,striped,,,shoe_green_chequered,shoe_red_striped,iron_red_striped,shoe_green_striped,shoe_red_chequered,iron_green_chequered,iron_green_striped,iron_red_chequered,5,2,6,3,7,4,8,1,Y,5,6,5,iron_red_chequered.png,shoe_red_striped.png,shoe_green_striped.png,iron_green_chequered.png,shoe_green_chequered.png,iron_red_striped.png,shoe_red_chequered.png,iron_green_striped.png
4,57,24,24_PC_rep.mp3,4,PC,0,repeated,The chequered red iron,green chequered shoe,1,shoe_green_chequered,shoe,green,chequered,iron,red,striped,,,shoe_green_chequered,shoe_red_striped,iron_red_striped,shoe_green_striped,shoe_red_chequered,iron_green_chequered,iron_green_striped,iron_red_chequered,5,2,6,3,7,4,8,1,Y,5,1,5,iron_red_chequered.png,shoe_red_striped.png,shoe_green_striped.png,iron_green_chequered.png,shoe_green_chequered.png,iron_red_striped.png,shoe_red_chequered.png,iron_green_striped.png
1,58,f41,f41.mp3,9,9,9,non-repeated,The small spanner,cat,9,,spanner,,,spanner,,,noun category,noun category,catBlueRight,,,,,,,,,,,,,,,,N,3,6,3,ratGreySmallRight.png,spannerBlueLargeRight.png,catBlueRight.png,ratGreyLargeRight.png,ratGreyLargeRight.png,spannerBlueSmallRight.png,ratGreySmallLeft.png,butterflyBlueLarge.png
2,58,f41,f41.mp3,9,9,9,non-repeated,The small spanner,cat,9,,spanner,,,spanner,,,noun category,noun category,catBlueRight,,,,,,,,,,,,,,,,N,3,6,3,ratGreySmallRight.png,spannerBlueLargeRight.png,catBlueRight.png,ratGreyLargeRight.png,ratGreyLargeRight.png,spannerBlueSmallRight.png,ratGreySmallLeft.png,butterflyBlueLarge.png
3,58,f41,f41.mp3,9,9,9,non-repeated,The small spanner,cat,9,,spanner,,,spanner,,,noun category,noun category,catBlueRight,,,,,,,,,,,,,,,,N,3,6,3,ratGreySmallRight.png,spannerBlueLargeRight.png,catBlueRight.png,ratGreyLargeRight.png,ratGreyLargeRight.png,spannerBlueSmallRight.png,ratGreySmallLeft.png,butterflyBlueLarge.png
4,58,f41,f41.mp3,9,9,9,non-repeated,The small spanner,cat,9,,spanner,,,spanner,,,noun category,noun category,catBlueRight,,,,,,,,,,,,,,,,N,3,6,3,ratGreySmallRight.png,spannerBlueLargeRight.png,catBlueRight.png,ratGreyLargeRight.png,ratGreyLargeRight.png,spannerBlueSmallRight.png,ratGreySmallLeft.png,butterflyBlueLarge.png
1,59,25,25_PC_non.mp3,2,PC,0,non-repeated,The striped red envelope,blue spotted suitcase,0,suitcase_blue_spotted,suitcase,blue,spotted,envelope,red,striped,,,suitcase_blue_spotted,suitcase_red_striped,envelope_red_striped,suitcase_blue_striped,suitcase_red_spotted,envelope_blue_spotted,envelope_blue_striped,envelope_red_spotted,4,7,5,2,8,3,1,6,Y,4,5,4,envelope_blue_striped.png,suitcase_blue_striped.png,envelope_blue_spotted.png,suitcase_blue_spotted.png,envelope_red_striped.png,envelope_red_spotted.png,suitcase_red_striped.png,suitcase_red_spotted.png
2,59,25,25_PC_rep.mp3,4,PC,0,repeated,The spotted red envelope,blue spotted suitcase,1,suitcase_blue_spotted,suitcase,blue,spotted,envelope,red,striped,,,suitcase_blue_spotted,suitcase_red_striped,envelope_red_striped,suitcase_blue_striped,suitcase_red_spotted,envelope_blue_spotted,envelope_blue_striped,envelope_red_spotted,4,7,5,2,8,3,1,6,Y,4,6,4,envelope_blue_striped.png,suitcase_blue_striped.png,envelope_blue_spotted.png,suitcase_blue_spotted.png,envelope_red_striped.png,envelope_red_spotted.png,suitcase_red_striped.png,suitcase_red_spotted.png
3,59,25,25_CP_non.mp3,1,CP,1,non-repeated,The red striped envelope,blue spotted suitcase,0,suitcase_blue_spotted,suitcase,blue,spotted,envelope,red,striped,,,suitcase_blue_spotted,suitcase_red_striped,envelope_red_striped,suitcase_blue_striped,suitcase_red_spotted,envelope_blue_spotted,envelope_blue_striped,envelope_red_spotted,4,7,5,2,8,3,1,6,Y,4,5,4,envelope_blue_striped.png,suitcase_blue_striped.png,envelope_blue_spotted.png,suitcase_blue_spotted.png,envelope_red_striped.png,envelope_red_spotted.png,suitcase_red_striped.png,suitcase_red_spotted.png
4,59,25,25_CP_rep.mp3,3,CP,1,repeated,The red spotted envelope,blue spotted suitcase,1,suitcase_blue_spotted,suitcase,blue,spotted,envelope,red,striped,,,suitcase_blue_spotted,suitcase_red_striped,envelope_red_striped,suitcase_blue_striped,suitcase_red_spotted,envelope_blue_spotted,envelope_blue_striped,envelope_red_spotted,4,7,5,2,8,3,1,6,Y,4,6,4,envelope_blue_striped.png,suitcase_blue_striped.png,envelope_blue_spotted.png,suitcase_blue_spotted.png,envelope_red_striped.png,envelope_red_spotted.png,suitcase_red_striped.png,suitcase_red_spotted.png
1,60,f21,f21.mp3,9,9,9,repeated,The fork pointing right,small fork,9,,fork,,,fork,,,directionoun category,size,forkGreySmallLeft,,,,,,,,,,,,,,,,N,6,2,6,catBlueLeft.png,forkGreyLarge.png,catBlueLeft.png,catBlueRight.png,catBlueRight.png,forkGreySmallLeft.png,catBlueLeft.png,forkGreyLargeLeft.png
2,60,f21,f21.mp3,9,9,9,repeated,The fork pointing right,small fork,9,,fork,,,fork,,,directionoun category,size,forkGreySmallLeft,,,,,,,,,,,,,,,,N,6,2,6,catBlueLeft.png,forkGreyLarge.png,catBlueLeft.png,catBlueRight.png,catBlueRight.png,forkGreySmallLeft.png,catBlueLeft.png,forkGreyLargeLeft.png
3,60,f21,f21.mp3,9,9,9,repeated,The fork pointing right,small fork,9,,fork,,,fork,,,directionoun category,size,forkGreySmallLeft,,,,,,,,,,,,,,,,N,6,2,6,catBlueLeft.png,forkGreyLarge.png,catBlueLeft.png,catBlueRight.png,catBlueRight.png,forkGreySmallLeft.png,catBlueLeft.png,forkGreyLargeLeft.png
4,60,f21,f21.mp3,9,9,9,repeated,The fork pointing right,small fork,9,,fork,,,fork,,,directionoun category,size,forkGreySmallLeft,,,,,,,,,,,,,,,,N,6,2,6,catBlueLeft.png,forkGreyLarge.png,catBlueLeft.png,catBlueRight.png,catBlueRight.png,forkGreySmallLeft.png,catBlueLeft.png,forkGreyLargeLeft.png
1,61,26,26_CP_rep.mp3,3,CP,1,repeated,The blue chequered dress,red chequered pram,1,pram_red_chequered,pram,red,chequered,dress,blue,spotted,,,pram_red_chequered,pram_blue_spotted,dress_blue_spotted,pram_red_spotted,pram_blue_chequered,dress_red_chequered,dress_red_spotted,dress_blue_chequered,3,6,5,7,8,1,2,4,Y,3,4,3,dress_red_chequered.png,dress_red_spotted.png,pram_red_chequered.png,dress_blue_chequered.png,dress_blue_spotted.png,pram_blue_spotted.png,pram_red_spotted.png,pram_blue_chequered.png
2,61,26,26_PC_non.mp3,2,PC,0,non-repeated,The spotted blue dress,red chequered pram,0,pram_red_chequered,pram,red,chequered,dress,blue,spotted,,,pram_red_chequered,pram_blue_spotted,dress_blue_spotted,pram_red_spotted,pram_blue_chequered,dress_red_chequered,dress_red_spotted,dress_blue_chequered,3,6,5,7,8,1,2,4,Y,3,5,3,dress_red_chequered.png,dress_red_spotted.png,pram_red_chequered.png,dress_blue_chequered.png,dress_blue_spotted.png,pram_blue_spotted.png,pram_red_spotted.png,pram_blue_chequered.png
3,61,26,26_PC_rep.mp3,4,PC,0,repeated,The chequered blue dress,red chequered pram,1,pram_red_chequered,pram,red,chequered,dress,blue,spotted,,,pram_red_chequered,pram_blue_spotted,dress_blue_spotted,pram_red_spotted,pram_blue_chequered,dress_red_chequered,dress_red_spotted,dress_blue_chequered,3,6,5,7,8,1,2,4,Y,3,4,3,dress_red_chequered.png,dress_red_spotted.png,pram_red_chequered.png,dress_blue_chequered.png,dress_blue_spotted.png,pram_blue_spotted.png,pram_red_spotted.png,pram_blue_chequered.png
4,61,26,26_CP_non.mp3,1,CP,1,non-repeated,The blue spotted dress,red chequered pram,0,pram_red_chequered,pram,red,chequered,dress,blue,spotted,,,pram_red_chequered,pram_blue_spotted,dress_blue_spotted,pram_red_spotted,pram_blue_chequered,dress_red_chequered,dress_red_spotted,dress_blue_chequered,3,6,5,7,8,1,2,4,Y,3,5,3,dress_red_chequered.png,dress_red_spotted.png,pram_red_chequered.png,dress_blue_chequered.png,dress_blue_spotted.png,pram_blue_spotted.png,pram_red_spotted.png,pram_blue_chequered.png
1,62,f40,f40.mp3,9,9,9,non-repeated,The snowman,donkey,9,,snowman,,,snowman,,,noun category,noun category,donkeyLargeRight,,,,,,,,,,,,,,,,N,1,4,1,donkeyLargeRight.png,batBlueSmall.png,batGreySmall.png,snowmanWhiteLargeRight.png,batBlueSmall.png,batGreySmall.png,batGreenSmall.png,batGreenSmall.png
2,62,f40,f40.mp3,9,9,9,non-repeated,The snowman,donkey,9,,snowman,,,snowman,,,noun category,noun category,donkeyLargeRight,,,,,,,,,,,,,,,,N,1,4,1,donkeyLargeRight.png,batBlueSmall.png,batGreySmall.png,snowmanWhiteLargeRight.png,batBlueSmall.png,batGreySmall.png,batGreenSmall.png,batGreenSmall.png
3,62,f40,f40.mp3,9,9,9,non-repeated,The snowman,donkey,9,,snowman,,,snowman,,,noun category,noun category,donkeyLargeRight,,,,,,,,,,,,,,,,N,1,4,1,donkeyLargeRight.png,batBlueSmall.png,batGreySmall.png,snowmanWhiteLargeRight.png,batBlueSmall.png,batGreySmall.png,batGreenSmall.png,batGreenSmall.png
4,62,f40,f40.mp3,9,9,9,non-repeated,The snowman,donkey,9,,snowman,,,snowman,,,noun category,noun category,donkeyLargeRight,,,,,,,,,,,,,,,,N,1,4,1,donkeyLargeRight.png,batBlueSmall.png,batGreySmall.png,snowmanWhiteLargeRight.png,batBlueSmall.png,batGreySmall.png,batGreenSmall.png,batGreenSmall.png
1,63,f23,f23.mp3,9,9,9,repeated,The large frog,frog facing left,9,,frog,,,frog,,,size,direction,frogSmallLeft,,,,,,,,,,,,,,,,N,5,8,5,screwBlueLargeLeft.png,screwBlueSmallRight.png,frogSmallRight.png,screwBlueSmallRight.png,frogSmallLeft.png,screwBlueSmallLeft.png,screwBlueSmallLeft.png,frogLargeRight.png
2,63,f23,f23.mp3,9,9,9,repeated,The large frog,frog facing left,9,,frog,,,frog,,,size,direction,frogSmallLeft,,,,,,,,,,,,,,,,N,5,8,5,screwBlueLargeLeft.png,screwBlueSmallRight.png,frogSmallRight.png,screwBlueSmallRight.png,frogSmallLeft.png,screwBlueSmallLeft.png,screwBlueSmallLeft.png,frogLargeRight.png
3,63,f23,f23.mp3,9,9,9,repeated,The large frog,frog facing left,9,,frog,,,frog,,,size,direction,frogSmallLeft,,,,,,,,,,,,,,,,N,5,8,5,screwBlueLargeLeft.png,screwBlueSmallRight.png,frogSmallRight.png,screwBlueSmallRight.png,frogSmallLeft.png,screwBlueSmallLeft.png,screwBlueSmallLeft.png,frogLargeRight.png
4,63,f23,f23.mp3,9,9,9,repeated,The large frog,frog facing left,9,,frog,,,frog,,,size,direction,frogSmallLeft,,,,,,,,,,,,,,,,N,5,8,5,screwBlueLargeLeft.png,screwBlueSmallRight.png,frogSmallRight.png,screwBlueSmallRight.png,frogSmallLeft.png,screwBlueSmallLeft.png,screwBlueSmallLeft.png,frogLargeRight.png
1,64,27,27_CP_non.mp3,1,CP,1,non-repeated,The green striped plane,red spotted box,0,box_red_spotted,box,red,spotted,plane,green,striped,,,box_red_spotted,box_green_striped,plane_green_striped,box_red_striped,box_green_spotted,plane_red_spotted,plane_red_striped,plane_green_spotted,8,3,1,2,4,6,5,7,Y,8,1,8,plane_green_striped.png,box_red_striped.png,box_green_striped.png,box_green_spotted.png,plane_red_striped.png,plane_red_spotted.png,plane_green_spotted.png,box_red_spotted.png
2,64,27,27_CP_rep.mp3,3,CP,1,repeated,The green spotted plane,red spotted box,1,box_red_spotted,box,red,spotted,plane,green,striped,,,box_red_spotted,box_green_striped,plane_green_striped,box_red_striped,box_green_spotted,plane_red_spotted,plane_red_striped,plane_green_spotted,8,3,1,2,4,6,5,7,Y,8,7,8,plane_green_striped.png,box_red_striped.png,box_green_striped.png,box_green_spotted.png,plane_red_striped.png,plane_red_spotted.png,plane_green_spotted.png,box_red_spotted.png
3,64,27,27_PC_non.mp3,2,PC,0,non-repeated,The striped green plane,red spotted box,0,box_red_spotted,box,red,spotted,plane,green,striped,,,box_red_spotted,box_green_striped,plane_green_striped,box_red_striped,box_green_spotted,plane_red_spotted,plane_red_striped,plane_green_spotted,8,3,1,2,4,6,5,7,Y,8,1,8,plane_green_striped.png,box_red_striped.png,box_green_striped.png,box_green_spotted.png,plane_red_striped.png,plane_red_spotted.png,plane_green_spotted.png,box_red_spotted.png
4,64,27,27_PC_rep.mp3,4,PC,0,repeated,The spotted green plane,red spotted box,1,box_red_spotted,box,red,spotted,plane,green,striped,,,box_red_spotted,box_green_striped,plane_green_striped,box_red_striped,box_green_spotted,plane_red_spotted,plane_red_striped,plane_green_spotted,8,3,1,2,4,6,5,7,Y,8,7,8,plane_green_striped.png,box_red_striped.png,box_green_striped.png,box_green_spotted.png,plane_red_striped.png,plane_red_spotted.png,plane_green_spotted.png,box_red_spotted.png
1,65,f24,f24.mp3,9,9,9,repeated,The cat facing left,large cat,9,,cat,,,cat,,,directionoun category,size,catBlueRight,,,,,,,,,,,,,,,,N,6,1,6,catBlueSmall.png,bicycleBlueLarge.png,bicycleRedLarge.png,bicycleGreyLarge.png,catBlueSmallRight.png,catBlueRight.png,bicycleGreyLarge.png,bicycleGreyLarge.png
2,65,f24,f24.mp3,9,9,9,repeated,The cat facing left,large cat,9,,cat,,,cat,,,directionoun category,size,catBlueRight,,,,,,,,,,,,,,,,N,6,1,6,catBlueSmall.png,bicycleBlueLarge.png,bicycleRedLarge.png,bicycleGreyLarge.png,catBlueSmallRight.png,catBlueRight.png,bicycleGreyLarge.png,bicycleGreyLarge.png
3,65,f24,f24.mp3,9,9,9,repeated,The cat facing left,large cat,9,,cat,,,cat,,,directionoun category,size,catBlueRight,,,,,,,,,,,,,,,,N,6,1,6,catBlueSmall.png,bicycleBlueLarge.png,bicycleRedLarge.png,bicycleGreyLarge.png,catBlueSmallRight.png,catBlueRight.png,bicycleGreyLarge.png,bicycleGreyLarge.png
4,65,f24,f24.mp3,9,9,9,repeated,The cat facing left,large cat,9,,cat,,,cat,,,directionoun category,size,catBlueRight,,,,,,,,,,,,,,,,N,6,1,6,catBlueSmall.png,bicycleBlueLarge.png,bicycleRedLarge.png,bicycleGreyLarge.png,catBlueSmallRight.png,catBlueRight.png,bicycleGreyLarge.png,bicycleGreyLarge.png
1,66,28,28_PC_rep.mp3,4,PC,0,repeated,The spotted red tie,blue spotted pipe,1,pipe_blue_spotted,pipe,blue,spotted,tie,red,chequered,,,pipe_blue_spotted,pipe_red_chequered,tie_red_chequered,pipe_blue_chequered,pipe_red_spotted,tie_blue_spotted,tie_blue_chequered,tie_red_spotted,2,8,5,7,1,4,6,3,Y,2,3,2,pipe_red_spotted.png,pipe_blue_spotted.png,tie_red_spotted.png,tie_blue_spotted.png,tie_red_chequered.png,tie_blue_chequered.png,pipe_blue_chequered.png,pipe_red_chequered.png
2,66,28,28_CP_non.mp3,1,CP,1,non-repeated,The red chequered tie,blue spotted pipe,0,pipe_blue_spotted,pipe,blue,spotted,tie,red,chequered,,,pipe_blue_spotted,pipe_red_chequered,tie_red_chequered,pipe_blue_chequered,pipe_red_spotted,tie_blue_spotted,tie_blue_chequered,tie_red_spotted,2,8,5,7,1,4,6,3,Y,2,5,2,pipe_red_spotted.png,pipe_blue_spotted.png,tie_red_spotted.png,tie_blue_spotted.png,tie_red_chequered.png,tie_blue_chequered.png,pipe_blue_chequered.png,pipe_red_chequered.png
3,66,28,28_CP_rep.mp3,3,CP,1,repeated,The red spotted tie,blue spotted pipe,1,pipe_blue_spotted,pipe,blue,spotted,tie,red,chequered,,,pipe_blue_spotted,pipe_red_chequered,tie_red_chequered,pipe_blue_chequered,pipe_red_spotted,tie_blue_spotted,tie_blue_chequered,tie_red_spotted,2,8,5,7,1,4,6,3,Y,2,3,2,pipe_red_spotted.png,pipe_blue_spotted.png,tie_red_spotted.png,tie_blue_spotted.png,tie_red_chequered.png,tie_blue_chequered.png,pipe_blue_chequered.png,pipe_red_chequered.png
4,66,28,28_PC_non.mp3,2,PC,0,non-repeated,The chequered red tie,blue spotted pipe,0,pipe_blue_spotted,pipe,blue,spotted,tie,red,chequered,,,pipe_blue_spotted,pipe_red_chequered,tie_red_chequered,pipe_blue_chequered,pipe_red_spotted,tie_blue_spotted,tie_blue_chequered,tie_red_spotted,2,8,5,7,1,4,6,3,Y,2,5,2,pipe_red_spotted.png,pipe_blue_spotted.png,tie_red_spotted.png,tie_blue_spotted.png,tie_red_chequered.png,tie_blue_chequered.png,pipe_blue_chequered.png,pipe_red_chequered.png
1,67,f04,f04.mp3,9,9,9,repeated,The small asparagus,asparagus pointing upwards,9,,asparagus,,,asparagus,,,size,direction,asparagusRight,,,,,,,,,,,,,,,,N,5,2,5,spanner_blue_spotted.png,asparagusGreenSmallDown.png,spanner_blue_striped.png,asparagusRightDown.png,asparagusRight.png,spanner_blue_striped.png,spanner_blue_striped.png,spanner_blue_spotted.png
2,67,f04,f04.mp3,9,9,9,repeated,The small asparagus,asparagus pointing upwards,9,,asparagus,,,asparagus,,,size,direction,asparagusRight,,,,,,,,,,,,,,,,N,5,2,5,spanner_blue_spotted.png,asparagusGreenSmallDown.png,spanner_blue_striped.png,asparagusRightDown.png,asparagusRight.png,spanner_blue_striped.png,spanner_blue_striped.png,spanner_blue_spotted.png
3,67,f04,f04.mp3,9,9,9,repeated,The small asparagus,asparagus pointing upwards,9,,asparagus,,,asparagus,,,size,direction,asparagusRight,,,,,,,,,,,,,,,,N,5,2,5,spanner_blue_spotted.png,asparagusGreenSmallDown.png,spanner_blue_striped.png,asparagusRightDown.png,asparagusRight.png,spanner_blue_striped.png,spanner_blue_striped.png,spanner_blue_spotted.png
4,67,f04,f04.mp3,9,9,9,repeated,The small asparagus,asparagus pointing upwards,9,,asparagus,,,asparagus,,,size,direction,asparagusRight,,,,,,,,,,,,,,,,N,5,2,5,spanner_blue_spotted.png,asparagusGreenSmallDown.png,spanner_blue_striped.png,asparagusRightDown.png,asparagusRight.png,spanner_blue_striped.png,spanner_blue_striped.png,spanner_blue_spotted.png
1,68,29,29_PC_non.mp3,2,PC,0,non-repeated,The striped green umbrella,blue chequered sweater,0,sweater_blue_chequered,sweater,blue,chequered,umbrella,green,striped,,,sweater_blue_chequered,sweater_green_striped,umbrella_green_striped,sweater_blue_striped,sweater_green_chequered,umbrella_blue_chequered,umbrella_blue_striped,umbrella_green_chequered,6,3,8,1,7,5,2,4,Y,6,8,6,sweater_blue_striped.png,umbrella_blue_striped.png,sweater_green_striped.png,umbrella_green_chequered.png,umbrella_blue_chequered.png,sweater_blue_chequered.png,sweater_green_chequered.png,umbrella_green_striped.png
2,68,29,29_PC_rep.mp3,4,PC,0,repeated,The chequered green umbrella,blue chequered sweater,1,sweater_blue_chequered,sweater,blue,chequered,umbrella,green,striped,,,sweater_blue_chequered,sweater_green_striped,umbrella_green_striped,sweater_blue_striped,sweater_green_chequered,umbrella_blue_chequered,umbrella_blue_striped,umbrella_green_chequered,6,3,8,1,7,5,2,4,Y,6,4,6,sweater_blue_striped.png,umbrella_blue_striped.png,sweater_green_striped.png,umbrella_green_chequered.png,umbrella_blue_chequered.png,sweater_blue_chequered.png,sweater_green_chequered.png,umbrella_green_striped.png
3,68,29,29_CP_non.mp3,1,CP,1,non-repeated,The green striped umbrella,blue chequered sweater,0,sweater_blue_chequered,sweater,blue,chequered,umbrella,green,striped,,,sweater_blue_chequered,sweater_green_striped,umbrella_green_striped,sweater_blue_striped,sweater_green_chequered,umbrella_blue_chequered,umbrella_blue_striped,umbrella_green_chequered,6,3,8,1,7,5,2,4,Y,6,8,6,sweater_blue_striped.png,umbrella_blue_striped.png,sweater_green_striped.png,umbrella_green_chequered.png,umbrella_blue_chequered.png,sweater_blue_chequered.png,sweater_green_chequered.png,umbrella_green_striped.png
4,68,29,29_CP_rep.mp3,3,CP,1,repeated,The green chequered umbrella,blue chequered sweater,1,sweater_blue_chequered,sweater,blue,chequered,umbrella,green,striped,,,sweater_blue_chequered,sweater_green_striped,umbrella_green_striped,sweater_blue_striped,sweater_green_chequered,umbrella_blue_chequered,umbrella_blue_striped,umbrella_green_chequered,6,3,8,1,7,5,2,4,Y,6,4,6,sweater_blue_striped.png,umbrella_blue_striped.png,sweater_green_striped.png,umbrella_green_chequered.png,umbrella_blue_chequered.png,sweater_blue_chequered.png,sweater_green_chequered.png,umbrella_green_striped.png
1,69,f06,f06.mp3,9,9,9,repeated,The upside down wineglass,small wineglass,9,,wineglass,,,wineglass,,,directionoun category,,wineglassSmall,,,,,,,,,,,,,,,,N,8,7,8,bloomSmall.png,bloomLarge.png,wineglassLarge.png,bloomSmall.png,bloomSmall.png,bloomSmall.png,wineglassLargeDown.png,wineglassSmall.png
2,69,f06,f06.mp3,9,9,9,repeated,The upside down wineglass,small wineglass,9,,wineglass,,,wineglass,,,directionoun category,,wineglassSmall,,,,,,,,,,,,,,,,N,8,7,8,bloomSmall.png,bloomLarge.png,wineglassLarge.png,bloomSmall.png,bloomSmall.png,bloomSmall.png,wineglassLargeDown.png,wineglassSmall.png
3,69,f06,f06.mp3,9,9,9,repeated,The upside down wineglass,small wineglass,9,,wineglass,,,wineglass,,,directionoun category,,wineglassSmall,,,,,,,,,,,,,,,,N,8,7,8,bloomSmall.png,bloomLarge.png,wineglassLarge.png,bloomSmall.png,bloomSmall.png,bloomSmall.png,wineglassLargeDown.png,wineglassSmall.png
4,69,f06,f06.mp3,9,9,9,repeated,The upside down wineglass,small wineglass,9,,wineglass,,,wineglass,,,directionoun category,,wineglassSmall,,,,,,,,,,,,,,,,N,8,7,8,bloomSmall.png,bloomLarge.png,wineglassLarge.png,bloomSmall.png,bloomSmall.png,bloomSmall.png,wineglassLargeDown.png,wineglassSmall.png
1,70,f44,f44.mp3,9,9,9,non-repeated,The toothbrush,anchor,9,,toothbrush,,,toothbrush,,,noun category,noun category,anchorBlueLarge,,,,,,,,,,,,,,,,N,6,5,6,glassesLargeRight.png,glassesSmallLeft.png,glassesLargeLeft.png,glassesSmallLeft.png,toothbrushBlueLargeRight.png,anchorBlueLarge.png,glassesLargeRight.png,glassesLargeLeft.png
2,70,f44,f44.mp3,9,9,9,non-repeated,The toothbrush,anchor,9,,toothbrush,,,toothbrush,,,noun category,noun category,anchorBlueLarge,,,,,,,,,,,,,,,,N,6,5,6,glassesLargeRight.png,glassesSmallLeft.png,glassesLargeLeft.png,glassesSmallLeft.png,toothbrushBlueLargeRight.png,anchorBlueLarge.png,glassesLargeRight.png,glassesLargeLeft.png
3,70,f44,f44.mp3,9,9,9,non-repeated,The toothbrush,anchor,9,,toothbrush,,,toothbrush,,,noun category,noun category,anchorBlueLarge,,,,,,,,,,,,,,,,N,6,5,6,glassesLargeRight.png,glassesSmallLeft.png,glassesLargeLeft.png,glassesSmallLeft.png,toothbrushBlueLargeRight.png,anchorBlueLarge.png,glassesLargeRight.png,glassesLargeLeft.png
4,70,f44,f44.mp3,9,9,9,non-repeated,The toothbrush,anchor,9,,toothbrush,,,toothbrush,,,noun category,noun category,anchorBlueLarge,,,,,,,,,,,,,,,,N,6,5,6,glassesLargeRight.png,glassesSmallLeft.png,glassesLargeLeft.png,glassesSmallLeft.png,toothbrushBlueLargeRight.png,anchorBlueLarge.png,glassesLargeRight.png,glassesLargeLeft.png
1,71,30,30_CP_rep.mp3,3,CP,1,repeated,The green striped cap,red striped kite,1,kite_red_striped,kite,red,striped,cap,green,chequered,,,kite_red_striped,kite_green_chequered,cap_green_chequered,kite_red_chequered,kite_green_striped,cap_red_striped,cap_red_chequered,cap_green_striped,5,4,3,6,1,7,8,2,Y,5,2,5,kite_green_striped.png,cap_green_striped.png,cap_green_chequered.png,kite_green_chequered.png,kite_red_striped.png,kite_red_chequered.png,cap_red_striped.png,cap_red_chequered.png
2,71,30,30_PC_non.mp3,2,PC,0,non-repeated,The chequered green cap,red striped kite,0,kite_red_striped,kite,red,striped,cap,green,chequered,,,kite_red_striped,kite_green_chequered,cap_green_chequered,kite_red_chequered,kite_green_striped,cap_red_striped,cap_red_chequered,cap_green_striped,5,4,3,6,1,7,8,2,Y,5,3,5,kite_green_striped.png,cap_green_striped.png,cap_green_chequered.png,kite_green_chequered.png,kite_red_striped.png,kite_red_chequered.png,cap_red_striped.png,cap_red_chequered.png
3,71,30,30_PC_rep.mp3,4,PC,0,repeated,The striped green cap,red striped kite,1,kite_red_striped,kite,red,striped,cap,green,chequered,,,kite_red_striped,kite_green_chequered,cap_green_chequered,kite_red_chequered,kite_green_striped,cap_red_striped,cap_red_chequered,cap_green_striped,5,4,3,6,1,7,8,2,Y,5,2,5,kite_green_striped.png,cap_green_striped.png,cap_green_chequered.png,kite_green_chequered.png,kite_red_striped.png,kite_red_chequered.png,cap_red_striped.png,cap_red_chequered.png
4,71,30,30_CP_non.mp3,1,CP,1,non-repeated,The green chequered cap,red striped kite,0,kite_red_striped,kite,red,striped,cap,green,chequered,,,kite_red_striped,kite_green_chequered,cap_green_chequered,kite_red_chequered,kite_green_striped,cap_red_striped,cap_red_chequered,cap_green_striped,5,4,3,6,1,7,8,2,Y,5,3,5,kite_green_striped.png,cap_green_striped.png,cap_green_chequered.png,kite_green_chequered.png,kite_red_striped.png,kite_red_chequered.png,cap_red_striped.png,cap_red_chequered.png
1,72,f32,f32.mp3,9,9,9,repeated,The large nail,nail pointing left,9,,nail,,,nail,,,size,direction,nailLeftSmall,,,,,,,,,,,,,,,,N,3,2,3,tennisracketBlueLargeLeft.png,nailRight.png,nailLeftSmall.png,tennisracketBlueLargeLeft.png,tennisracketRedLargeRight.png,nailRightSmall.png,tennisracketRedLargeRight.png,tennisracketBlueLargeLeft.png
2,72,f32,f32.mp3,9,9,9,repeated,The large nail,nail pointing left,9,,nail,,,nail,,,size,direction,nailLeftSmall,,,,,,,,,,,,,,,,N,3,2,3,tennisracketBlueLargeLeft.png,nailRight.png,nailLeftSmall.png,tennisracketBlueLargeLeft.png,tennisracketRedLargeRight.png,nailRightSmall.png,tennisracketRedLargeRight.png,tennisracketBlueLargeLeft.png
3,72,f32,f32.mp3,9,9,9,repeated,The large nail,nail pointing left,9,,nail,,,nail,,,size,direction,nailLeftSmall,,,,,,,,,,,,,,,,N,3,2,3,tennisracketBlueLargeLeft.png,nailRight.png,nailLeftSmall.png,tennisracketBlueLargeLeft.png,tennisracketRedLargeRight.png,nailRightSmall.png,tennisracketRedLargeRight.png,tennisracketBlueLargeLeft.png
4,72,f32,f32.mp3,9,9,9,repeated,The large nail,nail pointing left,9,,nail,,,nail,,,size,direction,nailLeftSmall,,,,,,,,,,,,,,,,N,3,2,3,tennisracketBlueLargeLeft.png,nailRight.png,nailLeftSmall.png,tennisracketBlueLargeLeft.png,tennisracketRedLargeRight.png,nailRightSmall.png,tennisracketRedLargeRight.png,tennisracketBlueLargeLeft.png
1,73,31,31_PC_rep.mp3,4,PC,0,repeated,The chequered red ashtray,green chequered toaster,1,toaster_green_chequered,toaster,green,chequered,ashtray,red,spotted,,,toaster_green_chequered,toaster_red_spotted,ashtray_red_spotted,toaster_green_spotted,toaster_red_chequered,ashtray_green_chequered,ashtray_green_spotted,ashtray_red_chequered,5,8,2,6,7,3,4,1,Y,5,1,5,ashtray_red_chequered.png,ashtray_red_spotted.png,ashtray_green_chequered.png,ashtray_green_spotted.png,toaster_green_chequered.png,toaster_green_spotted.png,toaster_red_chequered.png,toaster_red_spotted.png
2,73,31,31_CP_non.mp3,1,CP,1,non-repeated,The red spotted ashtray,green chequered toaster,0,toaster_green_chequered,toaster,green,chequered,ashtray,red,spotted,,,toaster_green_chequered,toaster_red_spotted,ashtray_red_spotted,toaster_green_spotted,toaster_red_chequered,ashtray_green_chequered,ashtray_green_spotted,ashtray_red_chequered,5,8,2,6,7,3,4,1,Y,5,2,5,ashtray_red_chequered.png,ashtray_red_spotted.png,ashtray_green_chequered.png,ashtray_green_spotted.png,toaster_green_chequered.png,toaster_green_spotted.png,toaster_red_chequered.png,toaster_red_spotted.png
3,73,31,31_CP_rep.mp3,3,CP,1,repeated,The red chequered ashtray,green chequered toaster,1,toaster_green_chequered,toaster,green,chequered,ashtray,red,spotted,,,toaster_green_chequered,toaster_red_spotted,ashtray_red_spotted,toaster_green_spotted,toaster_red_chequered,ashtray_green_chequered,ashtray_green_spotted,ashtray_red_chequered,5,8,2,6,7,3,4,1,Y,5,1,5,ashtray_red_chequered.png,ashtray_red_spotted.png,ashtray_green_chequered.png,ashtray_green_spotted.png,toaster_green_chequered.png,toaster_green_spotted.png,toaster_red_chequered.png,toaster_red_spotted.png
4,73,31,31_PC_non.mp3,2,PC,0,non-repeated,The spotted red ashtray,green chequered toaster,0,toaster_green_chequered,toaster,green,chequered,ashtray,red,spotted,,,toaster_green_chequered,toaster_red_spotted,ashtray_red_spotted,toaster_green_spotted,toaster_red_chequered,ashtray_green_chequered,ashtray_green_spotted,ashtray_red_chequered,5,8,2,6,7,3,4,1,Y,5,2,5,ashtray_red_chequered.png,ashtray_red_spotted.png,ashtray_green_chequered.png,ashtray_green_spotted.png,toaster_green_chequered.png,toaster_green_spotted.png,toaster_red_chequered.png,toaster_red_spotted.png
1,74,f33,f33.mp3,9,9,9,non-repeated,The pencil,small bin,9,,pencil,,,pencil,,,noun category,noun category,garbagecanBlueSmall,,,,,,,,,,,,,,,,N,7,4,7,garbagecanBlueLarge.png,helmetLeft.png,helmetRight.png,pencilBlueLarge.png,helmetRight.png,helmetRight.png,garbagecanBlueSmall.png,helmetLeft.png
2,74,f33,f33.mp3,9,9,9,non-repeated,The pencil,small bin,9,,pencil,,,pencil,,,noun category,noun category,garbagecanBlueSmall,,,,,,,,,,,,,,,,N,7,4,7,garbagecanBlueLarge.png,helmetLeft.png,helmetRight.png,pencilBlueLarge.png,helmetRight.png,helmetRight.png,garbagecanBlueSmall.png,helmetLeft.png
3,74,f33,f33.mp3,9,9,9,non-repeated,The pencil,small bin,9,,pencil,,,pencil,,,noun category,noun category,garbagecanBlueSmall,,,,,,,,,,,,,,,,N,7,4,7,garbagecanBlueLarge.png,helmetLeft.png,helmetRight.png,pencilBlueLarge.png,helmetRight.png,helmetRight.png,garbagecanBlueSmall.png,helmetLeft.png
4,74,f33,f33.mp3,9,9,9,non-repeated,The pencil,small bin,9,,pencil,,,pencil,,,noun category,noun category,garbagecanBlueSmall,,,,,,,,,,,,,,,,N,7,4,7,garbagecanBlueLarge.png,helmetLeft.png,helmetRight.png,pencilBlueLarge.png,helmetRight.png,helmetRight.png,garbagecanBlueSmall.png,helmetLeft.png
1,75,32,32_CP_non.mp3,1,CP,1,non-repeated,The green chequered triangle,blue spotted frying pan,0,fryingpan_blue_spotted,frying pan,blue,spotted,triangle,green,chequered,,,fryingpan_blue_spotted,fryingpan_green_chequered,triangle_green_chequered,fryingpan_blue_chequered,fryingpan_green_spotted,triangle_blue_spotted,triangle_blue_chequered,triangle_green_spotted,1,7,5,4,2,3,6,8,Y,1,5,1,fryingpan_blue_spotted.png,fryingpan_green_spotted.png,triangle_blue_spotted.png,fryingpan_blue_chequered.png,triangle_green_chequered.png,triangle_blue_chequered.png,fryingpan_green_chequered.png,triangle_green_spotted.png
2,75,32,32_CP_rep.mp3,3,CP,1,repeated,The green spotted triangle,blue spotted frying pan,1,fryingpan_blue_spotted,frying pan,blue,spotted,triangle,green,chequered,,,fryingpan_blue_spotted,fryingpan_green_chequered,triangle_green_chequered,fryingpan_blue_chequered,fryingpan_green_spotted,triangle_blue_spotted,triangle_blue_chequered,triangle_green_spotted,1,7,5,4,2,3,6,8,Y,1,8,1,fryingpan_blue_spotted.png,fryingpan_green_spotted.png,triangle_blue_spotted.png,fryingpan_blue_chequered.png,triangle_green_chequered.png,triangle_blue_chequered.png,fryingpan_green_chequered.png,triangle_green_spotted.png
3,75,32,32_PC_non.mp3,2,PC,0,non-repeated,The chequered green triangle,blue spotted frying pan,0,fryingpan_blue_spotted,frying pan,blue,spotted,triangle,green,chequered,,,fryingpan_blue_spotted,fryingpan_green_chequered,triangle_green_chequered,fryingpan_blue_chequered,fryingpan_green_spotted,triangle_blue_spotted,triangle_blue_chequered,triangle_green_spotted,1,7,5,4,2,3,6,8,Y,1,5,1,fryingpan_blue_spotted.png,fryingpan_green_spotted.png,triangle_blue_spotted.png,fryingpan_blue_chequered.png,triangle_green_chequered.png,triangle_blue_chequered.png,fryingpan_green_chequered.png,triangle_green_spotted.png
4,75,32,32_PC_rep.mp3,4,PC,0,repeated,The spotted green triangle,blue spotted frying pan,1,fryingpan_blue_spotted,frying pan,blue,spotted,triangle,green,chequered,,,fryingpan_blue_spotted,fryingpan_green_chequered,triangle_green_chequered,fryingpan_blue_chequered,fryingpan_green_spotted,triangle_blue_spotted,triangle_blue_chequered,triangle_green_spotted,1,7,5,4,2,3,6,8,Y,1,8,1,fryingpan_blue_spotted.png,fryingpan_green_spotted.png,triangle_blue_spotted.png,fryingpan_blue_chequered.png,triangle_green_chequered.png,triangle_blue_chequered.png,fryingpan_green_chequered.png,triangle_green_spotted.png
1,76,f30,f30.mp3,9,9,9,repeated,The small monkey,monkey facing right,9,,monkey,,,monkey,,,size,direction,monkeyLargeRight,,,,,,,,,,,,,,,,N,2,8,2,fishSmallLeft.png,monkeyLargeRight.png,fishSmallLeft.png,fishSmallLeft.png,monkeyLargeLeft.png,fishSmallLeft.png,fishSmallLeft.png,monkeySmallLeft.png
2,76,f30,f30.mp3,9,9,9,repeated,The small monkey,monkey facing right,9,,monkey,,,monkey,,,size,direction,monkeyLargeRight,,,,,,,,,,,,,,,,N,2,8,2,fishSmallLeft.png,monkeyLargeRight.png,fishSmallLeft.png,fishSmallLeft.png,monkeyLargeLeft.png,fishSmallLeft.png,fishSmallLeft.png,monkeySmallLeft.png
3,76,f30,f30.mp3,9,9,9,repeated,The small monkey,monkey facing right,9,,monkey,,,monkey,,,size,direction,monkeyLargeRight,,,,,,,,,,,,,,,,N,2,8,2,fishSmallLeft.png,monkeyLargeRight.png,fishSmallLeft.png,fishSmallLeft.png,monkeyLargeLeft.png,fishSmallLeft.png,fishSmallLeft.png,monkeySmallLeft.png
4,76,f30,f30.mp3,9,9,9,repeated,The small monkey,monkey facing right,9,,monkey,,,monkey,,,size,direction,monkeyLargeRight,,,,,,,,,,,,,,,,N,2,8,2,fishSmallLeft.png,monkeyLargeRight.png,fishSmallLeft.png,fishSmallLeft.png,monkeyLargeLeft.png,fishSmallLeft.png,fishSmallLeft.png,monkeySmallLeft.png
1,77,f42,f42.mp3,9,9,9,non-repeated,The swan,large horn,9,,swan,,,swan,,,noun category,size,frenchhornLargeRight,,,,,,,,,,,,,,,,N,4,6,4,garbagecan_green_spotted.png,garbagecan_green_spotted.png,garbagecan_green_chequered.png,frenchhornGreenLargeRight.png,garbagecan_green_spotted.png,swanWhiteSmallRight.png,garbagecan_green_chequered.png,frenchhornGreenSmallRight.png
2,77,f42,f42.mp3,9,9,9,non-repeated,The swan,large horn,9,,swan,,,swan,,,noun category,size,frenchhornLargeRight,,,,,,,,,,,,,,,,N,4,6,4,garbagecan_green_spotted.png,garbagecan_green_spotted.png,garbagecan_green_chequered.png,frenchhornGreenLargeRight.png,garbagecan_green_spotted.png,swanWhiteSmallRight.png,garbagecan_green_chequered.png,frenchhornGreenSmallRight.png
3,77,f42,f42.mp3,9,9,9,non-repeated,The swan,large horn,9,,swan,,,swan,,,noun category,size,frenchhornLargeRight,,,,,,,,,,,,,,,,N,4,6,4,garbagecan_green_spotted.png,garbagecan_green_spotted.png,garbagecan_green_chequered.png,frenchhornGreenLargeRight.png,garbagecan_green_spotted.png,swanWhiteSmallRight.png,garbagecan_green_chequered.png,frenchhornGreenSmallRight.png
4,77,f42,f42.mp3,9,9,9,non-repeated,The swan,large horn,9,,swan,,,swan,,,noun category,size,frenchhornLargeRight,,,,,,,,,,,,,,,,N,4,6,4,garbagecan_green_spotted.png,garbagecan_green_spotted.png,garbagecan_green_chequered.png,frenchhornGreenLargeRight.png,garbagecan_green_spotted.png,swanWhiteSmallRight.png,garbagecan_green_chequered.png,frenchhornGreenSmallRight.png
1,78,33,33_CP_rep.mp3,3,CP,1,repeated,The blue chequered lamp,green chequered glove,1,glove_green_chequered,glove,green,chequered,lamp,blue,striped,,,glove_green_chequered,glove_blue_striped,lamp_blue_striped,glove_green_striped,glove_blue_chequered,lamp_green_chequered,lamp_green_striped,lamp_blue_chequered,6,5,7,4,2,3,8,1,Y,6,1,6,lamp_blue_chequered.png,glove_blue_chequered.png,lamp_green_chequered.png,glove_green_striped.png,glove_blue_striped.png,glove_green_chequered.png,lamp_blue_striped.png,lamp_green_striped.png
2,78,33,33_PC_non.mp3,2,PC,0,non-repeated,The striped blue lamp,green chequered glove,0,glove_green_chequered,glove,green,chequered,lamp,blue,striped,,,glove_green_chequered,glove_blue_striped,lamp_blue_striped,glove_green_striped,glove_blue_chequered,lamp_green_chequered,lamp_green_striped,lamp_blue_chequered,6,5,7,4,2,3,8,1,Y,6,7,6,lamp_blue_chequered.png,glove_blue_chequered.png,lamp_green_chequered.png,glove_green_striped.png,glove_blue_striped.png,glove_green_chequered.png,lamp_blue_striped.png,lamp_green_striped.png
3,78,33,33_PC_rep.mp3,4,PC,0,repeated,The chequered blue lamp,green chequered glove,1,glove_green_chequered,glove,green,chequered,lamp,blue,striped,,,glove_green_chequered,glove_blue_striped,lamp_blue_striped,glove_green_striped,glove_blue_chequered,lamp_green_chequered,lamp_green_striped,lamp_blue_chequered,6,5,7,4,2,3,8,1,Y,6,1,6,lamp_blue_chequered.png,glove_blue_chequered.png,lamp_green_chequered.png,glove_green_striped.png,glove_blue_striped.png,glove_green_chequered.png,lamp_blue_striped.png,lamp_green_striped.png
4,78,33,33_CP_non.mp3,1,CP,1,non-repeated,The blue striped lamp,green chequered glove,0,glove_green_chequered,glove,green,chequered,lamp,blue,striped,,,glove_green_chequered,glove_blue_striped,lamp_blue_striped,glove_green_striped,glove_blue_chequered,lamp_green_chequered,lamp_green_striped,lamp_blue_chequered,6,5,7,4,2,3,8,1,Y,6,7,6,lamp_blue_chequered.png,glove_blue_chequered.png,lamp_green_chequered.png,glove_green_striped.png,glove_blue_striped.png,glove_green_chequered.png,lamp_blue_striped.png,lamp_green_striped.png
1,79,f02,f02.mp3,9,9,9,repeated,The large cup,cup upside down,9,,cup,,,cup,,,size,direction,cupRedSmallUpsideDown,,,,,,,,,,,,,,,,N,2,7,2,cannonLarge.png,cupRedSmallUpsideDown.png,cannonSmallRight.png,cupRedSmall.png,cannonSmallRight.png,cannonSmallLeft.png,cupRedLarge.png,cannonLarge.png
2,79,f02,f02.mp3,9,9,9,repeated,The large cup,cup upside down,9,,cup,,,cup,,,size,direction,cupRedSmallUpsideDown,,,,,,,,,,,,,,,,N,2,7,2,cannonLarge.png,cupRedSmallUpsideDown.png,cannonSmallRight.png,cupRedSmall.png,cannonSmallRight.png,cannonSmallLeft.png,cupRedLarge.png,cannonLarge.png
3,79,f02,f02.mp3,9,9,9,repeated,The large cup,cup upside down,9,,cup,,,cup,,,size,direction,cupRedSmallUpsideDown,,,,,,,,,,,,,,,,N,2,7,2,cannonLarge.png,cupRedSmallUpsideDown.png,cannonSmallRight.png,cupRedSmall.png,cannonSmallRight.png,cannonSmallLeft.png,cupRedLarge.png,cannonLarge.png
4,79,f02,f02.mp3,9,9,9,repeated,The large cup,cup upside down,9,,cup,,,cup,,,size,direction,cupRedSmallUpsideDown,,,,,,,,,,,,,,,,N,2,7,2,cannonLarge.png,cupRedSmallUpsideDown.png,cannonSmallRight.png,cupRedSmall.png,cannonSmallRight.png,cannonSmallLeft.png,cupRedLarge.png,cannonLarge.png
1,80,34,34_PC_rep.mp3,4,PC,0,repeated,The striped green heart,red striped shirt,1,shirt_red_striped,shirt,red,striped,heart,green,spotted,,,shirt_red_striped,shirt_green_spotted,heart_green_spotted,shirt_red_spotted,shirt_green_striped,heart_red_striped,heart_red_spotted,heart_green_striped,3,1,8,6,4,2,7,5,Y,3,5,3,shirt_green_spotted.png,heart_red_striped.png,shirt_red_striped.png,shirt_green_striped.png,heart_green_striped.png,shirt_red_spotted.png,heart_red_spotted.png,heart_green_spotted.png
2,80,34,34_CP_non.mp3,1,CP,1,non-repeated,The green spotted heart,red striped shirt,0,shirt_red_striped,shirt,red,striped,heart,green,spotted,,,shirt_red_striped,shirt_green_spotted,heart_green_spotted,shirt_red_spotted,shirt_green_striped,heart_red_striped,heart_red_spotted,heart_green_striped,3,1,8,6,4,2,7,5,Y,3,8,3,shirt_green_spotted.png,heart_red_striped.png,shirt_red_striped.png,shirt_green_striped.png,heart_green_striped.png,shirt_red_spotted.png,heart_red_spotted.png,heart_green_spotted.png
3,80,34,34_CP_rep.mp3,3,CP,1,repeated,The green striped heart,red striped shirt,1,shirt_red_striped,shirt,red,striped,heart,green,spotted,,,shirt_red_striped,shirt_green_spotted,heart_green_spotted,shirt_red_spotted,shirt_green_striped,heart_red_striped,heart_red_spotted,heart_green_striped,3,1,8,6,4,2,7,5,Y,3,5,3,shirt_green_spotted.png,heart_red_striped.png,shirt_red_striped.png,shirt_green_striped.png,heart_green_striped.png,shirt_red_spotted.png,heart_red_spotted.png,heart_green_spotted.png
4,80,34,34_PC_non.mp3,2,PC,0,non-repeated,The spotted green heart,red striped shirt,0,shirt_red_striped,shirt,red,striped,heart,green,spotted,,,shirt_red_striped,shirt_green_spotted,heart_green_spotted,shirt_red_spotted,shirt_green_striped,heart_red_striped,heart_red_spotted,heart_green_striped,3,1,8,6,4,2,7,5,Y,3,8,3,shirt_green_spotted.png,heart_red_striped.png,shirt_red_striped.png,shirt_green_striped.png,heart_green_striped.png,shirt_red_spotted.png,heart_red_spotted.png,heart_green_spotted.png
1,81,f28,f28.mp3,9,9,9,non-repeated,The helmet,window,9,,window,,,helmet,,,noun category,noun category,windowRedLarge,,,,,,,,,,,,,,,,N,7,5,7,moonBlueLargeLeft.png,moonBlueLargeLeft.png,moonBlueLargeLeft.png,moonBlueLargeLeft.png,helmetLeft.png,moonRedLargeRight.png,windowRedLarge.png,moonRedLargeRight.png
2,81,f28,f28.mp3,9,9,9,non-repeated,The helmet,window,9,,window,,,helmet,,,noun category,noun category,windowRedLarge,,,,,,,,,,,,,,,,N,7,5,7,moonBlueLargeLeft.png,moonBlueLargeLeft.png,moonBlueLargeLeft.png,moonBlueLargeLeft.png,helmetLeft.png,moonRedLargeRight.png,windowRedLarge.png,moonRedLargeRight.png
3,81,f28,f28.mp3,9,9,9,non-repeated,The helmet,window,9,,window,,,helmet,,,noun category,noun category,windowRedLarge,,,,,,,,,,,,,,,,N,7,5,7,moonBlueLargeLeft.png,moonBlueLargeLeft.png,moonBlueLargeLeft.png,moonBlueLargeLeft.png,helmetLeft.png,moonRedLargeRight.png,windowRedLarge.png,moonRedLargeRight.png
4,81,f28,f28.mp3,9,9,9,non-repeated,The helmet,window,9,,window,,,helmet,,,noun category,noun category,windowRedLarge,,,,,,,,,,,,,,,,N,7,5,7,moonBlueLargeLeft.png,moonBlueLargeLeft.png,moonBlueLargeLeft.png,moonBlueLargeLeft.png,helmetLeft.png,moonRedLargeRight.png,windowRedLarge.png,moonRedLargeRight.png
1,82,35,35_CP_non.mp3,1,CP,1,non-repeated,The red spotted table,blue chequered kettle,0,kettle_blue_chequered,kettle,blue,chequered,table,red,spotted,,,kettle_blue_chequered,kettle_red_spotted,table_red_spotted,kettle_blue_spotted,kettle_red_chequered,table_blue_chequered,table_blue_spotted,table_red_chequered,7,6,4,8,1,2,3,5,Y,7,4,7,kettle_red_chequered.png,table_blue_chequered.png,table_blue_spotted.png,table_red_spotted.png,table_red_chequered.png,kettle_red_spotted.png,kettle_blue_chequered.png,kettle_blue_spotted.png
2,82,35,35_CP_rep.mp3,3,CP,1,repeated,The red chequered table,blue chequered kettle,1,kettle_blue_chequered,kettle,blue,chequered,table,red,spotted,,,kettle_blue_chequered,kettle_red_spotted,table_red_spotted,kettle_blue_spotted,kettle_red_chequered,table_blue_chequered,table_blue_spotted,table_red_chequered,7,6,4,8,1,2,3,5,Y,7,5,7,kettle_red_chequered.png,table_blue_chequered.png,table_blue_spotted.png,table_red_spotted.png,table_red_chequered.png,kettle_red_spotted.png,kettle_blue_chequered.png,kettle_blue_spotted.png
3,82,35,35_PC_non.mp3,2,PC,0,non-repeated,The spotted red table,blue chequered kettle,0,kettle_blue_chequered,kettle,blue,chequered,table,red,spotted,,,kettle_blue_chequered,kettle_red_spotted,table_red_spotted,kettle_blue_spotted,kettle_red_chequered,table_blue_chequered,table_blue_spotted,table_red_chequered,7,6,4,8,1,2,3,5,Y,7,4,7,kettle_red_chequered.png,table_blue_chequered.png,table_blue_spotted.png,table_red_spotted.png,table_red_chequered.png,kettle_red_spotted.png,kettle_blue_chequered.png,kettle_blue_spotted.png
4,82,35,35_PC_rep.mp3,4,PC,0,repeated,The chequered red table,blue chequered kettle,1,kettle_blue_chequered,kettle,blue,chequered,table,red,spotted,,,kettle_blue_chequered,kettle_red_spotted,table_red_spotted,kettle_blue_spotted,kettle_red_chequered,table_blue_chequered,table_blue_spotted,table_red_chequered,7,6,4,8,1,2,3,5,Y,7,5,7,kettle_red_chequered.png,table_blue_chequered.png,table_blue_spotted.png,table_red_spotted.png,table_red_chequered.png,kettle_red_spotted.png,kettle_blue_chequered.png,kettle_blue_spotted.png
1,83,f22,f22.mp3,9,9,9,repeated,The French horn facing left,small French horn,9,,frenchhorn,,,frenchhorn,,,directionoun category,size,frenchhornGreenSmallRight,,,,,,,,,,,,,,,,N,4,7,4,horseSmallLeft.png,frenchhornGreenLargeRight.png,horseSmallLeft.png,frenchhornGreenSmallRight.png,horseLargeRight.png,horseSmallLeft.png,frenchhornGreenLargeLeft.png,horseLargeLeft.png
2,83,f22,f22.mp3,9,9,9,repeated,The French horn facing left,small French horn,9,,frenchhorn,,,frenchhorn,,,directionoun category,size,frenchhornGreenSmallRight,,,,,,,,,,,,,,,,N,4,7,4,horseSmallLeft.png,frenchhornGreenLargeRight.png,horseSmallLeft.png,frenchhornGreenSmallRight.png,horseLargeRight.png,horseSmallLeft.png,frenchhornGreenLargeLeft.png,horseLargeLeft.png
3,83,f22,f22.mp3,9,9,9,repeated,The French horn facing left,small French horn,9,,frenchhorn,,,frenchhorn,,,directionoun category,size,frenchhornGreenSmallRight,,,,,,,,,,,,,,,,N,4,7,4,horseSmallLeft.png,frenchhornGreenLargeRight.png,horseSmallLeft.png,frenchhornGreenSmallRight.png,horseLargeRight.png,horseSmallLeft.png,frenchhornGreenLargeLeft.png,horseLargeLeft.png
4,83,f22,f22.mp3,9,9,9,repeated,The French horn facing left,small French horn,9,,frenchhorn,,,frenchhorn,,,directionoun category,size,frenchhornGreenSmallRight,,,,,,,,,,,,,,,,N,4,7,4,horseSmallLeft.png,frenchhornGreenLargeRight.png,horseSmallLeft.png,frenchhornGreenSmallRight.png,horseLargeRight.png,horseSmallLeft.png,frenchhornGreenLargeLeft.png,horseLargeLeft.png
1,84,36,36_PC_non.mp3,2,PC,0,non-repeated,The chequered blue jacket,red striped hammer,0,hammer_red_striped,hammer,red,striped,jacket,blue,chequered,,,hammer_red_striped,hammer_blue_chequered,jacket_blue_chequered,hammer_red_chequered,hammer_blue_striped,jacket_red_striped,jacket_red_chequered,jacket_blue_striped,4,6,1,7,3,8,5,2,Y,4,1,4,jacket_blue_chequered.png,jacket_blue_striped.png,hammer_blue_striped.png,hammer_red_striped.png,jacket_red_chequered.png,hammer_blue_chequered.png,hammer_red_chequered.png,jacket_red_striped.png
2,84,36,36_PC_rep.mp3,4,PC,0,repeated,The striped blue jacket,red striped hammer,1,hammer_red_striped,hammer,red,striped,jacket,blue,chequered,,,hammer_red_striped,hammer_blue_chequered,jacket_blue_chequered,hammer_red_chequered,hammer_blue_striped,jacket_red_striped,jacket_red_chequered,jacket_blue_striped,4,6,1,7,3,8,5,2,Y,4,2,4,jacket_blue_chequered.png,jacket_blue_striped.png,hammer_blue_striped.png,hammer_red_striped.png,jacket_red_chequered.png,hammer_blue_chequered.png,hammer_red_chequered.png,jacket_red_striped.png
3,84,36,36_CP_non.mp3,1,CP,1,non-repeated,The blue chequered jacket,red striped hammer,0,hammer_red_striped,hammer,red,striped,jacket,blue,chequered,,,hammer_red_striped,hammer_blue_chequered,jacket_blue_chequered,hammer_red_chequered,hammer_blue_striped,jacket_red_striped,jacket_red_chequered,jacket_blue_striped,4,6,1,7,3,8,5,2,Y,4,1,4,jacket_blue_chequered.png,jacket_blue_striped.png,hammer_blue_striped.png,hammer_red_striped.png,jacket_red_chequered.png,hammer_blue_chequered.png,hammer_red_chequered.png,jacket_red_striped.png
4,84,36,36_CP_rep.mp3,3,CP,1,repeated,The blue striped jacket,red striped hammer,1,hammer_red_striped,hammer,red,striped,jacket,blue,chequered,,,hammer_red_striped,hammer_blue_chequered,jacket_blue_chequered,hammer_red_chequered,hammer_blue_striped,jacket_red_striped,jacket_red_chequered,jacket_blue_striped,4,6,1,7,3,8,5,2,Y,4,2,4,jacket_blue_chequered.png,jacket_blue_striped.png,hammer_blue_striped.png,hammer_red_striped.png,jacket_red_chequered.png,hammer_blue_chequered.png,hammer_red_chequered.png,jacket_red_striped.png
