list,order,item,audio,condition,prime,prime_1,noun_repetition,prime_description,target_description,display_1,boxed_object,target_noun,target_colour,target_pattern,prime_noun,prime_colour,prime_pattern,filler_prime_category,filler_target_category,target_object,repeated_prime,non_repeated_prime,distractor1_sameNoun_sameColor_differentPatternFromTarget,distractor2_sameNoun_differentColor_samePatternAsTarget,distractor3_differentNoun_sameColor_patternAsTarget,distractor4_differentNoun_sameColor_differentPatternFromTarget,distractor5_differentNoun_differentColor_samePatternAsTarget,targetPosition,repeatedPrime,nonRepeatedPrime,distractor1,distractor2,distractor3,distractor4,distractor5,expTrials,box_position,targetImg,boxPos,pos1,pos2,pos3,pos4,pos5,pos6,pos7,pos8
1,1,f29,f29.mp3,9,9,9,repeated,The horse facing right,small horse,9,,horse,,,horse,,,directionoun category,size,horseSmallLeft,,,,,,,,,,,,,,,,N,6,4,6,saw_green_striped.png,horseLargeLeft.png,saw_green_spotted.png,horseLargeRight.png,saw_green_spotted.png,horseSmallLeft.png,saw_green_striped.png,saw_green_spotted.png
2,1,f29,f29.mp3,9,9,9,repeated,The horse facing right,small horse,9,,horse,,,horse,,,directionoun category,size,horseSmallLeft,,,,,,,,,,,,,,,,N,6,4,6,saw_green_striped.png,horseLargeLeft.png,saw_green_spotted.png,horseLargeRight.png,saw_green_spotted.png,horseSmallLeft.png,saw_green_striped.png,saw_green_spotted.png
3,1,f29,f29.mp3,9,9,9,repeated,The horse facing right,small horse,9,,horse,,,horse,,,directionoun category,size,horseSmallLeft,,,,,,,,,,,,,,,,N,6,4,6,saw_green_striped.png,horseLargeLeft.png,saw_green_spotted.png,horseLargeRight.png,saw_green_spotted.png,horseSmallLeft.png,saw_green_striped.png,saw_green_spotted.png
4,1,f29,f29.mp3,9,9,9,repeated,The horse facing right,small horse,9,,horse,,,horse,,,directionoun category,size,horseSmallLeft,,,,,,,,,,,,,,,,N,6,4,6,saw_green_striped.png,horseLargeLeft.png,saw_green_spotted.png,horseLargeRight.png,saw_green_spotted.png,horseSmallLeft.png,saw_green_striped.png,saw_green_spotted.png
1,2,f16,f16.mp3,9,9,9,repeated,The small chisel,chisel upside down,9,,chisel,,,chisel,,,size,direction,chiselBlueSmallUpsideDown,,,,,,,,,,,,,,,,N,1,7,1,chiselBlueLargeUpsideDown.png,caterpillarGreenLarge.png,caterpillarGreenSmall.png,chiselBlueLarge.png,caterpillarGreenLarge.png,caterpillarGreenSmall.png,chiselBlueSmall.png,caterpillarGreenLarge.png
2,2,f16,f16.mp3,9,9,9,repeated,The small chisel,chisel upside down,9,,chisel,,,chisel,,,size,direction,chiselBlueSmallUpsideDown,,,,,,,,,,,,,,,,N,1,7,1,chiselBlueLargeUpsideDown.png,caterpillarGreenLarge.png,caterpillarGreenSmall.png,chiselBlueLarge.png,caterpillarGreenLarge.png,caterpillarGreenSmall.png,chiselBlueSmall.png,caterpillarGreenLarge.png
3,2,f16,f16.mp3,9,9,9,repeated,The small chisel,chisel upside down,9,,chisel,,,chisel,,,size,direction,chiselBlueSmallUpsideDown,,,,,,,,,,,,,,,,N,1,7,1,chiselBlueLargeUpsideDown.png,caterpillarGreenLarge.png,caterpillarGreenSmall.png,chiselBlueLarge.png,caterpillarGreenLarge.png,caterpillarGreenSmall.png,chiselBlueSmall.png,caterpillarGreenLarge.png
4,2,f16,f16.mp3,9,9,9,repeated,The small chisel,chisel upside down,9,,chisel,,,chisel,,,size,direction,chiselBlueSmallUpsideDown,,,,,,,,,,,,,,,,N,1,7,1,chiselBlueLargeUpsideDown.png,caterpillarGreenLarge.png,caterpillarGreenSmall.png,chiselBlueLarge.png,caterpillarGreenLarge.png,caterpillarGreenSmall.png,chiselBlueSmall.png,caterpillarGreenLarge.png
1,3,1,01_PC_non.mp3,2,PC,0,non-repeated,The chequered red circle,green striped train,0,train_green_striped,train,green,striped,circle,red,chequered,,,train_green_striped,train_red_chequered,circle_red_chequered,train_green_chequered,train_red_striped,circle_green_striped,circle_green_chequered,circle_red_striped,1,2,4,3,5,6,8,7,Y,1,4,1,train_green_striped.png,train_red_chequered.png,train_green_chequered.png,circle_red_chequered.png,train_red_striped.png,circle_green_striped.png,circle_red_striped.png,circle_green_chequered.png
2,3,1,01_PC_rep.mp3,4,PC,0,repeated,The chequered red train,green striped train,1,train_green_striped,train,green,striped,train,red,chequered,,,train_green_striped,train_red_chequered,circle_red_chequered,train_green_chequered,train_red_striped,circle_green_striped,circle_green_chequered,circle_red_striped,1,2,4,3,5,6,8,7,Y,1,2,1,train_green_striped.png,train_red_chequered.png,train_green_chequered.png,circle_red_chequered.png,train_red_striped.png,circle_green_striped.png,circle_red_striped.png,circle_green_chequered.png
3,3,1,01_CP_non.mp3,1,CP,1,non-repeated,The red chequered circle,green striped train,0,train_green_striped,train,green,striped,circle,red,chequered,,,train_green_striped,train_red_chequered,circle_red_chequered,train_green_chequered,train_red_striped,circle_green_striped,circle_green_chequered,circle_red_striped,1,2,4,3,5,6,8,7,Y,1,4,1,train_green_striped.png,train_red_chequered.png,train_green_chequered.png,circle_red_chequered.png,train_red_striped.png,circle_green_striped.png,circle_red_striped.png,circle_green_chequered.png
4,3,1,01_CP_rep.mp3,3,CP,1,repeated,The red chequered train,green striped train,1,train_green_striped,train,green,striped,train,red,chequered,,,train_green_striped,train_red_chequered,circle_red_chequered,train_green_chequered,train_red_striped,circle_green_striped,circle_green_chequered,circle_red_striped,1,2,4,3,5,6,8,7,Y,1,2,1,train_green_striped.png,train_red_chequered.png,train_green_chequered.png,circle_red_chequered.png,train_red_striped.png,circle_green_striped.png,circle_red_striped.png,circle_green_chequered.png
1,4,f43,f43.mp3,9,9,9,non-repeated,The tennis racket,fish,9,,tennisracket,,,tennisracket,,,noun category,noun category,fishLargeLeft,,,,,,,,,,,,,,,,N,5,1,5,tennisracketGreyLarge.png,pencilBlueLargeLeft.png,pencilRedLargeRight.png,pencilBlueLargeRight.png,fishLargeLeft.png,pencilBlueLargeLeft.png,pencilBlueLargeLeft.png,pencilRedLargeRight.png
2,4,f43,f43.mp3,9,9,9,non-repeated,The tennis racket,fish,9,,tennisracket,,,tennisracket,,,noun category,noun category,fishLargeLeft,,,,,,,,,,,,,,,,N,5,1,5,tennisracketGreyLarge.png,pencilBlueLargeLeft.png,pencilRedLargeRight.png,pencilBlueLargeRight.png,fishLargeLeft.png,pencilBlueLargeLeft.png,pencilBlueLargeLeft.png,pencilRedLargeRight.png
3,4,f43,f43.mp3,9,9,9,non-repeated,The tennis racket,fish,9,,tennisracket,,,tennisracket,,,noun category,noun category,fishLargeLeft,,,,,,,,,,,,,,,,N,5,1,5,tennisracketGreyLarge.png,pencilBlueLargeLeft.png,pencilRedLargeRight.png,pencilBlueLargeRight.png,fishLargeLeft.png,pencilBlueLargeLeft.png,pencilBlueLargeLeft.png,pencilRedLargeRight.png
4,4,f43,f43.mp3,9,9,9,non-repeated,The tennis racket,fish,9,,tennisracket,,,tennisracket,,,noun category,noun category,fishLargeLeft,,,,,,,,,,,,,,,,N,5,1,5,tennisracketGreyLarge.png,pencilBlueLargeLeft.png,pencilRedLargeRight.png,pencilBlueLargeRight.png,fishLargeLeft.png,pencilBlueLargeLeft.png,pencilBlueLargeLeft.png,pencilRedLargeRight.png
1,5,2,02_CP_non.mp3,1,CP,1,non-repeated,The blue stripy bottle,red chequered lightbulb,0,lightbulb_red_chequered,lightbulb,red,chequered,bottle,blue,striped,,,lightbulb_red_chequered,lightbulb_blue_striped,bottle_blue_striped,lightbulb_red_striped,lightbulb_blue_chequered,bottle_red_chequered,bottle_red_striped,bottle_blue_chequered,2,8,7,5,3,4,1,6,Y,2,7,2,bottle_red_striped.png,lightbulb_red_chequered.png,lightbulb_blue_chequered.png,bottle_red_chequered.png,lightbulb_red_striped.png,bottle_blue_chequered.png,bottle_blue_striped.png,lightbulb_blue_striped.png
2,5,2,02_CP_rep.mp3,3,CP,1,repeated,The blue stripy lightbulb,red chequered lightbulb,1,lightbulb_red_chequered,lightbulb,red,chequered,lightbulb,blue,striped,,,lightbulb_red_chequered,lightbulb_blue_striped,bottle_blue_striped,lightbulb_red_striped,lightbulb_blue_chequered,bottle_red_chequered,bottle_red_striped,bottle_blue_chequered,2,8,7,5,3,4,1,6,Y,2,8,2,bottle_red_striped.png,lightbulb_red_chequered.png,lightbulb_blue_chequered.png,bottle_red_chequered.png,lightbulb_red_striped.png,bottle_blue_chequered.png,bottle_blue_striped.png,lightbulb_blue_striped.png
3,5,2,02_PC_non.mp3,2,PC,0,non-repeated,The stripy blue bottle,red chequered lightbulb,0,lightbulb_red_chequered,lightbulb,red,chequered,bottle,blue,striped,,,lightbulb_red_chequered,lightbulb_blue_striped,bottle_blue_striped,lightbulb_red_striped,lightbulb_blue_chequered,bottle_red_chequered,bottle_red_striped,bottle_blue_chequered,2,8,7,5,3,4,1,6,Y,2,7,2,bottle_red_striped.png,lightbulb_red_chequered.png,lightbulb_blue_chequered.png,bottle_red_chequered.png,lightbulb_red_striped.png,bottle_blue_chequered.png,bottle_blue_striped.png,lightbulb_blue_striped.png
4,5,2,02_PC_rep.mp3,4,PC,0,repeated,The stripy blue lightbulb,red chequered lightbulb,1,lightbulb_red_chequered,lightbulb,red,chequered,lightbulb,blue,striped,,,lightbulb_red_chequered,lightbulb_blue_striped,bottle_blue_striped,lightbulb_red_striped,lightbulb_blue_chequered,bottle_red_chequered,bottle_red_striped,bottle_blue_chequered,2,8,7,5,3,4,1,6,Y,2,8,2,bottle_red_striped.png,lightbulb_red_chequered.png,lightbulb_blue_chequered.png,bottle_red_chequered.png,lightbulb_red_striped.png,bottle_blue_chequered.png,bottle_blue_striped.png,lightbulb_blue_striped.png
1,6,f19,f19.mp3,9,9,9,repeated,The fish facing left,large fish,9,,fish,,,fish,,,directionoun category,size,fishLargeRight,,,,,,,,,,,,,,,,N,7,1,7,fishSmallLeft.png,monkeySmallLeft.png,fishSmallRight.png,monkeyLargeRight.png,monkeyLargeRight.png,monkeySmallRight.png,fishLargeRight.png,monkeyLargeRight.png
2,6,f19,f19.mp3,9,9,9,repeated,The fish facing left,large fish,9,,fish,,,fish,,,directionoun category,size,fishLargeRight,,,,,,,,,,,,,,,,N,7,1,7,fishSmallLeft.png,monkeySmallLeft.png,fishSmallRight.png,monkeyLargeRight.png,monkeyLargeRight.png,monkeySmallRight.png,fishLargeRight.png,monkeyLargeRight.png
3,6,f19,f19.mp3,9,9,9,repeated,The fish facing left,large fish,9,,fish,,,fish,,,directionoun category,size,fishLargeRight,,,,,,,,,,,,,,,,N,7,1,7,fishSmallLeft.png,monkeySmallLeft.png,fishSmallRight.png,monkeyLargeRight.png,monkeyLargeRight.png,monkeySmallRight.png,fishLargeRight.png,monkeyLargeRight.png
4,6,f19,f19.mp3,9,9,9,repeated,The fish facing left,large fish,9,,fish,,,fish,,,directionoun category,size,fishLargeRight,,,,,,,,,,,,,,,,N,7,1,7,fishSmallLeft.png,monkeySmallLeft.png,fishSmallRight.png,monkeyLargeRight.png,monkeyLargeRight.png,monkeySmallRight.png,fishLargeRight.png,monkeyLargeRight.png
1,7,3,03_CP_rep.mp3,3,CP,1,repeated,The red chequered bowl,blue striped bowl,1,bowl_blue_striped,bowl,blue,striped,bowl,red,chequered,,,bowl_blue_striped,bowl_red_chequered,book_red_chequered,bowl_blue_chequered,bowl_red_striped,book_blue_striped,book_blue_chequered,book_red_striped,4,7,2,8,5,6,3,1,Y,4,7,4,book_red_striped.png,book_red_chequered.png,book_blue_chequered.png,bowl_blue_striped.png,bowl_red_striped.png,book_blue_striped.png,bowl_red_chequered.png,bowl_blue_chequered.png
2,7,3,03_PC_non.mp3,2,PC,0,non-repeated,The chequered red book,blue striped bowl,0,bowl_blue_striped,bowl,blue,striped,book,red,chequered,,,bowl_blue_striped,bowl_red_chequered,book_red_chequered,bowl_blue_chequered,bowl_red_striped,book_blue_striped,book_blue_chequered,book_red_striped,4,7,2,8,5,6,3,1,Y,4,2,4,book_red_striped.png,book_red_chequered.png,book_blue_chequered.png,bowl_blue_striped.png,bowl_red_striped.png,book_blue_striped.png,bowl_red_chequered.png,bowl_blue_chequered.png
3,7,3,03_PC_rep.mp3,4,PC,0,repeated,The chequered red bowl,blue striped bowl,1,bowl_blue_striped,bowl,blue,striped,bowl,red,chequered,,,bowl_blue_striped,bowl_red_chequered,book_red_chequered,bowl_blue_chequered,bowl_red_striped,book_blue_striped,book_blue_chequered,book_red_striped,4,7,2,8,5,6,3,1,Y,4,7,4,book_red_striped.png,book_red_chequered.png,book_blue_chequered.png,bowl_blue_striped.png,bowl_red_striped.png,book_blue_striped.png,bowl_red_chequered.png,bowl_blue_chequered.png
4,7,3,03_CP_non.mp3,1,CP,1,non-repeated,The red chequered book,blue striped bowl,0,bowl_blue_striped,bowl,blue,striped,book,red,chequered,,,bowl_blue_striped,bowl_red_chequered,book_red_chequered,bowl_blue_chequered,bowl_red_striped,book_blue_striped,book_blue_chequered,book_red_striped,4,7,2,8,5,6,3,1,Y,4,2,4,book_red_striped.png,book_red_chequered.png,book_blue_chequered.png,bowl_blue_striped.png,bowl_red_striped.png,book_blue_striped.png,bowl_red_chequered.png,bowl_blue_chequered.png
1,8,f37,f37.mp3,9,9,9,non-repeated,The screw,small glasses,9,,screw,,,screw,,,noun category,noun category,glassesBlueSmall,,,,,,,,,,,,,,,,N,7,8,7,snowmanWhiteLargeRight.png,donkeyLargeRight.png,snowmanWhiteLargeRight.png,snowmanWhiteLargeRight.png,glassesBlueLarge.png,donkeyLargeRight.png,glassesBlueSmall.png,screwBlueLargeLeft.png
2,8,f37,f37.mp3,9,9,9,non-repeated,The screw,small glasses,9,,screw,,,screw,,,noun category,noun category,glassesBlueSmall,,,,,,,,,,,,,,,,N,7,8,7,snowmanWhiteLargeRight.png,donkeyLargeRight.png,snowmanWhiteLargeRight.png,snowmanWhiteLargeRight.png,glassesBlueLarge.png,donkeyLargeRight.png,glassesBlueSmall.png,screwBlueLargeLeft.png
3,8,f37,f37.mp3,9,9,9,non-repeated,The screw,small glasses,9,,screw,,,screw,,,noun category,noun category,glassesBlueSmall,,,,,,,,,,,,,,,,N,7,8,7,snowmanWhiteLargeRight.png,donkeyLargeRight.png,snowmanWhiteLargeRight.png,snowmanWhiteLargeRight.png,glassesBlueLarge.png,donkeyLargeRight.png,glassesBlueSmall.png,screwBlueLargeLeft.png
4,8,f37,f37.mp3,9,9,9,non-repeated,The screw,small glasses,9,,screw,,,screw,,,noun category,noun category,glassesBlueSmall,,,,,,,,,,,,,,,,N,7,8,7,snowmanWhiteLargeRight.png,donkeyLargeRight.png,snowmanWhiteLargeRight.png,snowmanWhiteLargeRight.png,glassesBlueLarge.png,donkeyLargeRight.png,glassesBlueSmall.png,screwBlueLargeLeft.png
1,9,4,04_PC_rep.mp3,4,PC,0,repeated,The chequered blue chair,green spotted chair,1,chair_green_spotted,chair,green,spotted,chair,blue,chequered,,,chair_green_spotted,chair_blue_chequered,key_blue_chequered,chair_green_chequered,chair_blue_spotted,key_green_spotted,key_green_chequered,key_blue_spotted,2,4,3,1,6,5,8,7,Y,2,4,2,chair_green_chequered.png,chair_green_spotted.png,key_blue_chequered.png,chair_blue_chequered.png,key_green_spotted.png,chair_blue_spotted.png,key_blue_spotted.png,key_green_chequered.png
2,9,4,04_CP_non.mp3,1,CP,1,non-repeated,The blue chequered key,green spotted chair,0,chair_green_spotted,chair,green,spotted,key,blue,chequered,,,chair_green_spotted,chair_blue_chequered,key_blue_chequered,chair_green_chequered,chair_blue_spotted,key_green_spotted,key_green_chequered,key_blue_spotted,2,4,3,1,6,5,8,7,Y,2,3,2,chair_green_chequered.png,chair_green_spotted.png,key_blue_chequered.png,chair_blue_chequered.png,key_green_spotted.png,chair_blue_spotted.png,key_blue_spotted.png,key_green_chequered.png
3,9,4,04_CP_rep.mp3,3,CP,1,repeated,The blue chequered chair,green spotted chair,1,chair_green_spotted,chair,green,spotted,chair,blue,chequered,,,chair_green_spotted,chair_blue_chequered,key_blue_chequered,chair_green_chequered,chair_blue_spotted,key_green_spotted,key_green_chequered,key_blue_spotted,2,4,3,1,6,5,8,7,Y,2,4,2,chair_green_chequered.png,chair_green_spotted.png,key_blue_chequered.png,chair_blue_chequered.png,key_green_spotted.png,chair_blue_spotted.png,key_blue_spotted.png,key_green_chequered.png
4,9,4,04_PC_non.mp3,2,PC,0,non-repeated,The chequered blue key,green spotted chair,0,chair_green_spotted,chair,green,spotted,key,blue,chequered,,,chair_green_spotted,chair_blue_chequered,key_blue_chequered,chair_green_chequered,chair_blue_spotted,key_green_spotted,key_green_chequered,key_blue_spotted,2,4,3,1,6,5,8,7,Y,2,3,2,chair_green_chequered.png,chair_green_spotted.png,key_blue_chequered.png,chair_blue_chequered.png,key_green_spotted.png,chair_blue_spotted.png,key_blue_spotted.png,key_green_chequered.png
1,10,f14,f14.mp3,9,9,9,repeated,The bin upside down,small bin,9,,garbage can,,,garbage can,,,direction,size,garbagecanGreenSmall,,,,,,,,,,,,,,,,N,3,7,3,garbagecanGreenLarge.png,frenchhornGreenLargeRight.png,garbagecanGreenSmall.png,frenchhornGreenLargeRight.png,frenchhornGreenLargeRight.png,swanGreyLargeLeft.png,garbagecanGreenLargeUpsideDown.png,swanGreyLargeLeft.png
2,10,f14,f14.mp3,9,9,9,repeated,The bin upside down,small bin,9,,garbage can,,,garbage can,,,direction,size,garbagecanGreenSmall,,,,,,,,,,,,,,,,N,3,7,3,garbagecanGreenLarge.png,frenchhornGreenLargeRight.png,garbagecanGreenSmall.png,frenchhornGreenLargeRight.png,frenchhornGreenLargeRight.png,swanGreyLargeLeft.png,garbagecanGreenLargeUpsideDown.png,swanGreyLargeLeft.png
3,10,f14,f14.mp3,9,9,9,repeated,The bin upside down,small bin,9,,garbage can,,,garbage can,,,direction,size,garbagecanGreenSmall,,,,,,,,,,,,,,,,N,3,7,3,garbagecanGreenLarge.png,frenchhornGreenLargeRight.png,garbagecanGreenSmall.png,frenchhornGreenLargeRight.png,frenchhornGreenLargeRight.png,swanGreyLargeLeft.png,garbagecanGreenLargeUpsideDown.png,swanGreyLargeLeft.png
4,10,f14,f14.mp3,9,9,9,repeated,The bin upside down,small bin,9,,garbage can,,,garbage can,,,direction,size,garbagecanGreenSmall,,,,,,,,,,,,,,,,N,3,7,3,garbagecanGreenLarge.png,frenchhornGreenLargeRight.png,garbagecanGreenSmall.png,frenchhornGreenLargeRight.png,frenchhornGreenLargeRight.png,swanGreyLargeLeft.png,garbagecanGreenLargeUpsideDown.png,swanGreyLargeLeft.png
1,11,5,05_CP_non.mp3,1,CP,1,non-repeated,The blue spotty brush,red striped watch,0,watch_red_striped,watch,red,striped,brush,blue,spotted,,,watch_red_striped,watch_blue_spotted,brush_blue_spotted,watch_red_spotted,watch_blue_striped,brush_red_striped,brush_red_spotted,brush_blue_striped,6,3,8,1,2,5,7,4,Y,6,8,6,watch_red_spotted.png,watch_blue_striped.png,watch_blue_spotted.png,brush_blue_striped.png,brush_red_striped.png,watch_red_striped.png,brush_red_spotted.png,brush_blue_spotted.png
2,11,5,05_CP_rep.mp3,3,CP,1,repeated,The blue spotty watch,red striped watch,1,watch_red_striped,watch,red,striped,watch,blue,spotted,,,watch_red_striped,watch_blue_spotted,brush_blue_spotted,watch_red_spotted,watch_blue_striped,brush_red_striped,brush_red_spotted,brush_blue_striped,6,3,8,1,2,5,7,4,Y,6,3,6,watch_red_spotted.png,watch_blue_striped.png,watch_blue_spotted.png,brush_blue_striped.png,brush_red_striped.png,watch_red_striped.png,brush_red_spotted.png,brush_blue_spotted.png
3,11,5,05_PC_non.mp3,2,PC,0,non-repeated,The spotty blue brush,red striped watch,0,watch_red_striped,watch,red,striped,brush,blue,spotted,,,watch_red_striped,watch_blue_spotted,brush_blue_spotted,watch_red_spotted,watch_blue_striped,brush_red_striped,brush_red_spotted,brush_blue_striped,6,3,8,1,2,5,7,4,Y,6,8,6,watch_red_spotted.png,watch_blue_striped.png,watch_blue_spotted.png,brush_blue_striped.png,brush_red_striped.png,watch_red_striped.png,brush_red_spotted.png,brush_blue_spotted.png
4,11,5,05_PC_rep.mp3,4,PC,0,repeated,The spotty blue watch,red striped watch,1,watch_red_striped,watch,red,striped,watch,blue,spotted,,,watch_red_striped,watch_blue_spotted,brush_blue_spotted,watch_red_spotted,watch_blue_striped,brush_red_striped,brush_red_spotted,brush_blue_striped,6,3,8,1,2,5,7,4,Y,6,3,6,watch_red_spotted.png,watch_blue_striped.png,watch_blue_spotted.png,brush_blue_striped.png,brush_red_striped.png,watch_red_striped.png,brush_red_spotted.png,brush_blue_spotted.png
1,12,f36,f36.mp3,9,9,9,non-repeated,The large saw,broom,9,,saw,,,saw,,,noun category,noun category,broomGreenSmall,,,,,,,,,,,,,,,,N,6,7,6,fork_grey_chequered.png,fork_grey_chequered.png,fork_grey_spotted.png,sawGreenSmallLeft.png,fork_grey_spotted.png,broomGreenSmall.png,sawGreenLargeLeft.png,fork_grey_chequered.png
2,12,f36,f36.mp3,9,9,9,non-repeated,The large saw,broom,9,,saw,,,saw,,,noun category,noun category,broomGreenSmall,,,,,,,,,,,,,,,,N,6,7,6,fork_grey_chequered.png,fork_grey_chequered.png,fork_grey_spotted.png,sawGreenSmallLeft.png,fork_grey_spotted.png,broomGreenSmall.png,sawGreenLargeLeft.png,fork_grey_chequered.png
3,12,f36,f36.mp3,9,9,9,non-repeated,The large saw,broom,9,,saw,,,saw,,,noun category,noun category,broomGreenSmall,,,,,,,,,,,,,,,,N,6,7,6,fork_grey_chequered.png,fork_grey_chequered.png,fork_grey_spotted.png,sawGreenSmallLeft.png,fork_grey_spotted.png,broomGreenSmall.png,sawGreenLargeLeft.png,fork_grey_chequered.png
4,12,f36,f36.mp3,9,9,9,non-repeated,The large saw,broom,9,,saw,,,saw,,,noun category,noun category,broomGreenSmall,,,,,,,,,,,,,,,,N,6,7,6,fork_grey_chequered.png,fork_grey_chequered.png,fork_grey_spotted.png,sawGreenSmallLeft.png,fork_grey_spotted.png,broomGreenSmall.png,sawGreenLargeLeft.png,fork_grey_chequered.png
1,13,6,06_PC_non.mp3,2,PC,0,non-repeated,The chequered green skirt,red spotted glass,0,glass_red_spotted,glass,red,spotted,skirt,green,chequered,,,glass_red_spotted,glass_green_chequered,skirt_green_chequered,glass_red_chequered,glass_green_spotted,skirt_red_spotted,skirt_red_chequered,skirt_green_spotted,3,1,8,6,2,7,4,5,Y,3,8,3,glass_green_chequered.png,glass_green_spotted.png,glass_red_spotted.png,skirt_red_chequered.png,skirt_green_spotted.png,glass_red_chequered.png,skirt_red_spotted.png,skirt_green_chequered.png
2,13,6,06_PC_rep.mp3,4,PC,0,repeated,The chequered green glass,red spotted glass,1,glass_red_spotted,glass,red,spotted,glass,green,chequered,,,glass_red_spotted,glass_green_chequered,skirt_green_chequered,glass_red_chequered,glass_green_spotted,skirt_red_spotted,skirt_red_chequered,skirt_green_spotted,3,1,8,6,2,7,4,5,Y,3,1,3,glass_green_chequered.png,glass_green_spotted.png,glass_red_spotted.png,skirt_red_chequered.png,skirt_green_spotted.png,glass_red_chequered.png,skirt_red_spotted.png,skirt_green_chequered.png
3,13,6,06_CP_non.mp3,1,CP,1,non-repeated,The green chequered skirt,red spotted glass,0,glass_red_spotted,glass,red,spotted,skirt,green,chequered,,,glass_red_spotted,glass_green_chequered,skirt_green_chequered,glass_red_chequered,glass_green_spotted,skirt_red_spotted,skirt_red_chequered,skirt_green_spotted,3,1,8,6,2,7,4,5,Y,3,8,3,glass_green_chequered.png,glass_green_spotted.png,glass_red_spotted.png,skirt_red_chequered.png,skirt_green_spotted.png,glass_red_chequered.png,skirt_red_spotted.png,skirt_green_chequered.png
4,13,6,06_CP_rep.mp3,3,CP,1,repeated,The green chequered glass,red spotted glass,1,glass_red_spotted,glass,red,spotted,glass,green,chequered,,,glass_red_spotted,glass_green_chequered,skirt_green_chequered,glass_red_chequered,glass_green_spotted,skirt_red_spotted,skirt_red_chequered,skirt_green_spotted,3,1,8,6,2,7,4,5,Y,3,1,3,glass_green_chequered.png,glass_green_spotted.png,glass_red_spotted.png,skirt_red_chequered.png,skirt_green_spotted.png,glass_red_chequered.png,skirt_red_spotted.png,skirt_green_chequered.png
1,14,f09,f09.mp3,9,9,9,repeated,The large bloom,bloom upside down,9,,bloom,,,bloom,,,size,direction,bloomSmallUpsideDown,,,,,,,,,,,,,,,,N,2,4,2,nailLeft.png,bloomSmallUpsideDown.png,nailLeft.png,bloomLarge.png,nailLeft.png,nailRightSmall.png,nailRightSmall.png,bloomSmall.png
2,14,f09,f09.mp3,9,9,9,repeated,The large bloom,bloom upside down,9,,bloom,,,bloom,,,size,direction,bloomSmallUpsideDown,,,,,,,,,,,,,,,,N,2,4,2,nailLeft.png,bloomSmallUpsideDown.png,nailLeft.png,bloomLarge.png,nailLeft.png,nailRightSmall.png,nailRightSmall.png,bloomSmall.png
3,14,f09,f09.mp3,9,9,9,repeated,The large bloom,bloom upside down,9,,bloom,,,bloom,,,size,direction,bloomSmallUpsideDown,,,,,,,,,,,,,,,,N,2,4,2,nailLeft.png,bloomSmallUpsideDown.png,nailLeft.png,bloomLarge.png,nailLeft.png,nailRightSmall.png,nailRightSmall.png,bloomSmall.png
4,14,f09,f09.mp3,9,9,9,repeated,The large bloom,bloom upside down,9,,bloom,,,bloom,,,size,direction,bloomSmallUpsideDown,,,,,,,,,,,,,,,,N,2,4,2,nailLeft.png,bloomSmallUpsideDown.png,nailLeft.png,bloomLarge.png,nailLeft.png,nailRightSmall.png,nailRightSmall.png,bloomSmall.png
1,15,7,07_PC_rep.mp3,4,PC,0,repeated,The spotty blue trousers,green striped trousers,1,trousers_green_striped,trousers,green,striped,trousers,blue,spotted,,,trousers_green_striped,trousers_blue_spotted,fence_blue_spotted,trousers_green_spotted,trousers_blue_striped,fence_green_striped,fence_green_spotted,fence_blue_striped,6,5,4,3,7,8,1,2,Y,6,5,6,fence_green_spotted.png,fence_blue_striped.png,trousers_green_spotted.png,fence_blue_spotted.png,trousers_blue_spotted.png,trousers_green_striped.png,trousers_blue_striped.png,fence_green_striped.png
2,15,7,07_CP_non.mp3,1,CP,1,non-repeated,The blue spotty fence,green striped trousers,0,trousers_green_striped,trousers,green,striped,fence,blue,spotted,,,trousers_green_striped,trousers_blue_spotted,fence_blue_spotted,trousers_green_spotted,trousers_blue_striped,fence_green_striped,fence_green_spotted,fence_blue_striped,6,5,4,3,7,8,1,2,Y,6,4,6,fence_green_spotted.png,fence_blue_striped.png,trousers_green_spotted.png,fence_blue_spotted.png,trousers_blue_spotted.png,trousers_green_striped.png,trousers_blue_striped.png,fence_green_striped.png
3,15,7,07_CP_rep.mp3,3,CP,1,repeated,The blue spotty trousers,green striped trousers,1,trousers_green_striped,trousers,green,striped,trousers,blue,spotted,,,trousers_green_striped,trousers_blue_spotted,fence_blue_spotted,trousers_green_spotted,trousers_blue_striped,fence_green_striped,fence_green_spotted,fence_blue_striped,6,5,4,3,7,8,1,2,Y,6,5,6,fence_green_spotted.png,fence_blue_striped.png,trousers_green_spotted.png,fence_blue_spotted.png,trousers_blue_spotted.png,trousers_green_striped.png,trousers_blue_striped.png,fence_green_striped.png
4,15,7,07_PC_non.mp3,2,PC,0,non-repeated,The spotty blue fence,green striped trousers,0,trousers_green_striped,trousers,green,striped,fence,blue,spotted,,,trousers_green_striped,trousers_blue_spotted,fence_blue_spotted,trousers_green_spotted,trousers_blue_striped,fence_green_striped,fence_green_spotted,fence_blue_striped,6,5,4,3,7,8,1,2,Y,6,4,6,fence_green_spotted.png,fence_blue_striped.png,trousers_green_spotted.png,fence_blue_spotted.png,trousers_blue_spotted.png,trousers_green_striped.png,trousers_blue_striped.png,fence_green_striped.png
1,16,f46,f46.mp3,9,9,9,non-repeated,The turtle,donkey,9,,turtle,,,turtle,,,noun category,noun category,donkeyLargeRight,,,,,,,,,,,,,,,,N,8,4,8,moonBlueLargeLeft.png,moonBlueLargeLeft.png,moonRedLargeRight.png,turtleGreenLargeRight.png,moonBlueLargeLeft.png,moonRedLargeRight.png,moonRedLargeRight.png,donkeyLargeRight.png
2,16,f46,f46.mp3,9,9,9,non-repeated,The turtle,donkey,9,,turtle,,,turtle,,,noun category,noun category,donkeyLargeRight,,,,,,,,,,,,,,,,N,8,4,8,moonBlueLargeLeft.png,moonBlueLargeLeft.png,moonRedLargeRight.png,turtleGreenLargeRight.png,moonBlueLargeLeft.png,moonRedLargeRight.png,moonRedLargeRight.png,donkeyLargeRight.png
3,16,f46,f46.mp3,9,9,9,non-repeated,The turtle,donkey,9,,turtle,,,turtle,,,noun category,noun category,donkeyLargeRight,,,,,,,,,,,,,,,,N,8,4,8,moonBlueLargeLeft.png,moonBlueLargeLeft.png,moonRedLargeRight.png,turtleGreenLargeRight.png,moonBlueLargeLeft.png,moonRedLargeRight.png,moonRedLargeRight.png,donkeyLargeRight.png
4,16,f46,f46.mp3,9,9,9,non-repeated,The turtle,donkey,9,,turtle,,,turtle,,,noun category,noun category,donkeyLargeRight,,,,,,,,,,,,,,,,N,8,4,8,moonBlueLargeLeft.png,moonBlueLargeLeft.png,moonRedLargeRight.png,turtleGreenLargeRight.png,moonBlueLargeLeft.png,moonRedLargeRight.png,moonRedLargeRight.png,donkeyLargeRight.png
1,17,8,08_CP_rep.mp3,3,CP,1,repeated,The blue chequered hat,red spotted hat,1,hat_red_spotted,hat,red,spotted,hat,blue,chequered,,,hat_red_spotted,hat_blue_chequered,bell_blue_chequered,hat_red_chequered,hat_blue_spotted,bell_red_spotted,bell_red_chequered,bell_blue_spotted,2,3,4,7,5,8,1,6,Y,2,3,2,bell_red_chequered.png,hat_red_spotted.png,hat_blue_chequered.png,bell_blue_chequered.png,hat_blue_spotted.png,bell_blue_spotted.png,hat_red_chequered.png,bell_red_spotted.png
2,17,8,08_PC_non.mp3,2,PC,0,non-repeated,The chequered blue bell,red spotted hat,0,hat_red_spotted,hat,red,spotted,bell,blue,chequered,,,hat_red_spotted,hat_blue_chequered,bell_blue_chequered,hat_red_chequered,hat_blue_spotted,bell_red_spotted,bell_red_chequered,bell_blue_spotted,2,3,4,7,5,8,1,6,Y,2,4,2,bell_red_chequered.png,hat_red_spotted.png,hat_blue_chequered.png,bell_blue_chequered.png,hat_blue_spotted.png,bell_blue_spotted.png,hat_red_chequered.png,bell_red_spotted.png
3,17,8,08_PC_rep.mp3,4,PC,0,repeated,The chequered blue hat,red spotted hat,1,hat_red_spotted,hat,red,spotted,hat,blue,chequered,,,hat_red_spotted,hat_blue_chequered,bell_blue_chequered,hat_red_chequered,hat_blue_spotted,bell_red_spotted,bell_red_chequered,bell_blue_spotted,2,3,4,7,5,8,1,6,Y,2,3,2,bell_red_chequered.png,hat_red_spotted.png,hat_blue_chequered.png,bell_blue_chequered.png,hat_blue_spotted.png,bell_blue_spotted.png,hat_red_chequered.png,bell_red_spotted.png
4,17,8,08_CP_non.mp3,1,CP,1,non-repeated,The blue chequered bell,red spotted hat,0,hat_red_spotted,hat,red,spotted,bell,blue,chequered,,,hat_red_spotted,hat_blue_chequered,bell_blue_chequered,hat_red_chequered,hat_blue_spotted,bell_red_spotted,bell_red_chequered,bell_blue_spotted,2,3,4,7,5,8,1,6,Y,2,4,2,bell_red_chequered.png,hat_red_spotted.png,hat_blue_chequered.png,bell_blue_chequered.png,hat_blue_spotted.png,bell_blue_spotted.png,hat_red_chequered.png,bell_red_spotted.png
1,18,f07,f07.mp3,9,9,9,repeated,The bicycle facing right,large bicycle,9,,bicycle,,,bicycle,,,direction,size,bicycleRedLarge,,,,,,,,,,,,,,,,N,7,8,7,cupBlueLarge.png,anchorBlueSmall.png,cupBlueLarge.png,bicycleRedSmall.png,cupBlueLarge.png,anchorBlueSmall.png,bicycleRedLarge.png,bicycleRedSmallRight.png
2,18,f07,f07.mp3,9,9,9,repeated,The bicycle facing right,large bicycle,9,,bicycle,,,bicycle,,,direction,size,bicycleRedLarge,,,,,,,,,,,,,,,,N,7,8,7,cupBlueLarge.png,anchorBlueSmall.png,cupBlueLarge.png,bicycleRedSmall.png,cupBlueLarge.png,anchorBlueSmall.png,bicycleRedLarge.png,bicycleRedSmallRight.png
3,18,f07,f07.mp3,9,9,9,repeated,The bicycle facing right,large bicycle,9,,bicycle,,,bicycle,,,direction,size,bicycleRedLarge,,,,,,,,,,,,,,,,N,7,8,7,cupBlueLarge.png,anchorBlueSmall.png,cupBlueLarge.png,bicycleRedSmall.png,cupBlueLarge.png,anchorBlueSmall.png,bicycleRedLarge.png,bicycleRedSmallRight.png
4,18,f07,f07.mp3,9,9,9,repeated,The bicycle facing right,large bicycle,9,,bicycle,,,bicycle,,,direction,size,bicycleRedLarge,,,,,,,,,,,,,,,,N,7,8,7,cupBlueLarge.png,anchorBlueSmall.png,cupBlueLarge.png,bicycleRedSmall.png,cupBlueLarge.png,anchorBlueSmall.png,bicycleRedLarge.png,bicycleRedSmallRight.png
1,19,f39,f39.mp3,9,9,9,non-repeated,The snake,small helmet,9,,snake,,,snake,,,noun category,noun category,helmetRedSmall,,,,,,,,,,,,,,,,N,8,1,8,snakeRedLargeRight.png,candleGreyLarge.png,candleBlueLarge.png,helmetRedLarge.png,candleGreyLarge.png,candleBlueLarge.png,candleGreyLarge.png,helmetRedSmall.png
2,19,f39,f39.mp3,9,9,9,non-repeated,The snake,small helmet,9,,snake,,,snake,,,noun category,noun category,helmetRedSmall,,,,,,,,,,,,,,,,N,8,1,8,snakeRedLargeRight.png,candleGreyLarge.png,candleBlueLarge.png,helmetRedLarge.png,candleGreyLarge.png,candleBlueLarge.png,candleGreyLarge.png,helmetRedSmall.png
3,19,f39,f39.mp3,9,9,9,non-repeated,The snake,small helmet,9,,snake,,,snake,,,noun category,noun category,helmetRedSmall,,,,,,,,,,,,,,,,N,8,1,8,snakeRedLargeRight.png,candleGreyLarge.png,candleBlueLarge.png,helmetRedLarge.png,candleGreyLarge.png,candleBlueLarge.png,candleGreyLarge.png,helmetRedSmall.png
4,19,f39,f39.mp3,9,9,9,non-repeated,The snake,small helmet,9,,snake,,,snake,,,noun category,noun category,helmetRedSmall,,,,,,,,,,,,,,,,N,8,1,8,snakeRedLargeRight.png,candleGreyLarge.png,candleBlueLarge.png,helmetRedLarge.png,candleGreyLarge.png,candleBlueLarge.png,candleGreyLarge.png,helmetRedSmall.png
1,20,9,09_PC_rep.mp3,4,PC,0,repeated,The stripy red knife,blue chequered knife,1,knife_blue_chequered,knife,blue,chequered,knife,red,striped,,,knife_blue_chequered,knife_red_striped,car_red_striped,knife_blue_striped,knife_red_chequered,car_blue_chequered,car_blue_striped,car_red_chequered,4,7,1,2,8,6,3,5,Y,4,7,4,car_red_striped.png,knife_blue_striped.png,car_blue_striped.png,knife_blue_chequered.png,car_red_chequered.png,car_blue_chequered.png,knife_red_striped.png,knife_red_chequered.png
2,20,9,09_CP_non.mp3,1,CP,1,non-repeated,The red stripy car,blue chequered knife,0,knife_blue_chequered,knife,blue,chequered,car,red,striped,,,knife_blue_chequered,knife_red_striped,car_red_striped,knife_blue_striped,knife_red_chequered,car_blue_chequered,car_blue_striped,car_red_chequered,4,7,1,2,8,6,3,5,Y,4,1,4,car_red_striped.png,knife_blue_striped.png,car_blue_striped.png,knife_blue_chequered.png,car_red_chequered.png,car_blue_chequered.png,knife_red_striped.png,knife_red_chequered.png
3,20,9,09_CP_rep.mp3,3,CP,1,repeated,The red stripy knife,blue chequered knife,1,knife_blue_chequered,knife,blue,chequered,knife,red,striped,,,knife_blue_chequered,knife_red_striped,car_red_striped,knife_blue_striped,knife_red_chequered,car_blue_chequered,car_blue_striped,car_red_chequered,4,7,1,2,8,6,3,5,Y,4,7,4,car_red_striped.png,knife_blue_striped.png,car_blue_striped.png,knife_blue_chequered.png,car_red_chequered.png,car_blue_chequered.png,knife_red_striped.png,knife_red_chequered.png
4,20,9,09_PC_non.mp3,2,PC,0,non-repeated,The stripy red car,blue chequered knife,0,knife_blue_chequered,knife,blue,chequered,car,red,striped,,,knife_blue_chequered,knife_red_striped,car_red_striped,knife_blue_striped,knife_red_chequered,car_blue_chequered,car_blue_striped,car_red_chequered,4,7,1,2,8,6,3,5,Y,4,1,4,car_red_striped.png,knife_blue_striped.png,car_blue_striped.png,knife_blue_chequered.png,car_red_chequered.png,car_blue_chequered.png,knife_red_striped.png,knife_red_chequered.png
1,21,f05,f05.mp3,9,9,9,repeated,The bat upside down,small bat,9,,bat,,,bat,,,direction,size,batGreySmall,,,,,,,,,,,,,,,,N,6,5,6,handleRedLarge.png,handleRedSmall.png,batGreyLarge.png,handleBlueSmall.png,batGreyLargeUpsideDown.png,batGreySmall.png,handleRedLarge.png,handleBlueSmall.png
2,21,f05,f05.mp3,9,9,9,repeated,The bat upside down,small bat,9,,bat,,,bat,,,direction,size,batGreySmall,,,,,,,,,,,,,,,,N,6,5,6,handleRedLarge.png,handleRedSmall.png,batGreyLarge.png,handleBlueSmall.png,batGreyLargeUpsideDown.png,batGreySmall.png,handleRedLarge.png,handleBlueSmall.png
3,21,f05,f05.mp3,9,9,9,repeated,The bat upside down,small bat,9,,bat,,,bat,,,direction,size,batGreySmall,,,,,,,,,,,,,,,,N,6,5,6,handleRedLarge.png,handleRedSmall.png,batGreyLarge.png,handleBlueSmall.png,batGreyLargeUpsideDown.png,batGreySmall.png,handleRedLarge.png,handleBlueSmall.png
4,21,f05,f05.mp3,9,9,9,repeated,The bat upside down,small bat,9,,bat,,,bat,,,direction,size,batGreySmall,,,,,,,,,,,,,,,,N,6,5,6,handleRedLarge.png,handleRedSmall.png,batGreyLarge.png,handleBlueSmall.png,batGreyLargeUpsideDown.png,batGreySmall.png,handleRedLarge.png,handleBlueSmall.png
1,22,f03,f03.mp3,9,9,9,repeated,The small artichoke,artichoke upside down,9,,artichoke,,,artichoke,,,size,direction,artichokeLargeUpsideDown,,,,,,,,,,,,,,,,N,4,7,4,asparagusGreenSmall.png,artichokeLarge.png,asparagusRight.png,artichokeLargeUpsideDown.png,asparagusGreenSmall.png,asparagusRight.png,artichokeSmall.png,asparagusGreenSmall.png
2,22,f03,f03.mp3,9,9,9,repeated,The small artichoke,artichoke upside down,9,,artichoke,,,artichoke,,,size,direction,artichokeLargeUpsideDown,,,,,,,,,,,,,,,,N,4,7,4,asparagusGreenSmall.png,artichokeLarge.png,asparagusRight.png,artichokeLargeUpsideDown.png,asparagusGreenSmall.png,asparagusRight.png,artichokeSmall.png,asparagusGreenSmall.png
3,22,f03,f03.mp3,9,9,9,repeated,The small artichoke,artichoke upside down,9,,artichoke,,,artichoke,,,size,direction,artichokeLargeUpsideDown,,,,,,,,,,,,,,,,N,4,7,4,asparagusGreenSmall.png,artichokeLarge.png,asparagusRight.png,artichokeLargeUpsideDown.png,asparagusGreenSmall.png,asparagusRight.png,artichokeSmall.png,asparagusGreenSmall.png
4,22,f03,f03.mp3,9,9,9,repeated,The small artichoke,artichoke upside down,9,,artichoke,,,artichoke,,,size,direction,artichokeLargeUpsideDown,,,,,,,,,,,,,,,,N,4,7,4,asparagusGreenSmall.png,artichokeLarge.png,asparagusRight.png,artichokeLargeUpsideDown.png,asparagusGreenSmall.png,asparagusRight.png,artichokeSmall.png,asparagusGreenSmall.png
1,23,10,10_CP_non.mp3,1,CP,1,non-repeated,The blue chequered couch,green striped square,0,square_green_striped,square,green,striped,couch,blue,chequered,,,square_green_striped,square_blue_chequered,couch_blue_chequered,square_green_chequered,square_blue_striped,couch_green_striped,couch_green_chequered,couch_blue_striped,3,5,2,7,8,1,4,6,Y,3,2,3,couch_green_striped.png,couch_blue_chequered.png,square_green_striped.png,couch_green_chequered.png,square_blue_chequered.png,couch_blue_striped.png,square_green_chequered.png,square_blue_striped.png
2,23,10,10_CP_rep.mp3,3,CP,1,repeated,The blue chequered square,green striped square,1,square_green_striped,square,green,striped,square,blue,chequered,,,square_green_striped,square_blue_chequered,couch_blue_chequered,square_green_chequered,square_blue_striped,couch_green_striped,couch_green_chequered,couch_blue_striped,3,5,2,7,8,1,4,6,Y,3,5,3,couch_green_striped.png,couch_blue_chequered.png,square_green_striped.png,couch_green_chequered.png,square_blue_chequered.png,couch_blue_striped.png,square_green_chequered.png,square_blue_striped.png
3,23,10,10_PC_non.mp3,2,PC,0,non-repeated,The chequered blue couch,green striped square,0,square_green_striped,square,green,striped,couch,blue,chequered,,,square_green_striped,square_blue_chequered,couch_blue_chequered,square_green_chequered,square_blue_striped,couch_green_striped,couch_green_chequered,couch_blue_striped,3,5,2,7,8,1,4,6,Y,3,2,3,couch_green_striped.png,couch_blue_chequered.png,square_green_striped.png,couch_green_chequered.png,square_blue_chequered.png,couch_blue_striped.png,square_green_chequered.png,square_blue_striped.png
4,23,10,10_PC_rep.mp3,4,PC,0,repeated,The chequered blue square,green striped square,1,square_green_striped,square,green,striped,square,blue,chequered,,,square_green_striped,square_blue_chequered,couch_blue_chequered,square_green_chequered,square_blue_striped,couch_green_striped,couch_green_chequered,couch_blue_striped,3,5,2,7,8,1,4,6,Y,3,5,3,couch_green_striped.png,couch_blue_chequered.png,square_green_striped.png,couch_green_chequered.png,square_blue_chequered.png,couch_blue_striped.png,square_green_chequered.png,square_blue_striped.png
1,24,f12,f12.mp3,9,9,9,non-repeated,The candle,caterpillar,9,,caterpillar,,,candle,,,noun category,noun category,caterpillarGreenLarge,,,,,,,,,,,,,,,,N,5,3,5,frogSmallLeft.png,frogLargeLeft.png,candleGreenLarge.png,frogLargeLeft.png,caterpillarGreenLarge.png,frogSmallLeft.png,frogSmallLeft.png,frogSmallLeft.png
2,24,f12,f12.mp3,9,9,9,non-repeated,The candle,caterpillar,9,,caterpillar,,,candle,,,noun category,noun category,caterpillarGreenLarge,,,,,,,,,,,,,,,,N,5,3,5,frogSmallLeft.png,frogLargeLeft.png,candleGreenLarge.png,frogLargeLeft.png,caterpillarGreenLarge.png,frogSmallLeft.png,frogSmallLeft.png,frogSmallLeft.png
3,24,f12,f12.mp3,9,9,9,non-repeated,The candle,caterpillar,9,,caterpillar,,,candle,,,noun category,noun category,caterpillarGreenLarge,,,,,,,,,,,,,,,,N,5,3,5,frogSmallLeft.png,frogLargeLeft.png,candleGreenLarge.png,frogLargeLeft.png,caterpillarGreenLarge.png,frogSmallLeft.png,frogSmallLeft.png,frogSmallLeft.png
4,24,f12,f12.mp3,9,9,9,non-repeated,The candle,caterpillar,9,,caterpillar,,,candle,,,noun category,noun category,caterpillarGreenLarge,,,,,,,,,,,,,,,,N,5,3,5,frogSmallLeft.png,frogLargeLeft.png,candleGreenLarge.png,frogLargeLeft.png,caterpillarGreenLarge.png,frogSmallLeft.png,frogSmallLeft.png,frogSmallLeft.png
1,25,11,11_CP_rep.mp3,3,CP,1,repeated,The green stripy door,blue spotted door,1,door_blue_spotted,door,blue,spotted,door,green,striped,,,door_blue_spotted,door_green_striped,ball_green_striped,door_blue_striped,door_green_spotted,ball_blue_spotted,ball_blue_striped,ball_green_spotted,3,8,6,1,7,2,4,5,Y,3,8,3,door_blue_striped.png,ball_blue_spotted.png,door_blue_spotted.png,ball_blue_striped.png,ball_green_spotted.png,ball_green_striped.png,door_green_spotted.png,door_green_striped.png
2,25,11,11_PC_non.mp3,2,PC,0,non-repeated,The stripy green ball,blue spotted door,0,door_blue_spotted,door,blue,spotted,ball,green,striped,,,door_blue_spotted,door_green_striped,ball_green_striped,door_blue_striped,door_green_spotted,ball_blue_spotted,ball_blue_striped,ball_green_spotted,3,8,6,1,7,2,4,5,Y,3,6,3,door_blue_striped.png,ball_blue_spotted.png,door_blue_spotted.png,ball_blue_striped.png,ball_green_spotted.png,ball_green_striped.png,door_green_spotted.png,door_green_striped.png
3,25,11,11_PC_rep.mp3,4,PC,0,repeated,The stripy green door,blue spotted door,1,door_blue_spotted,door,blue,spotted,door,green,striped,,,door_blue_spotted,door_green_striped,ball_green_striped,door_blue_striped,door_green_spotted,ball_blue_spotted,ball_blue_striped,ball_green_spotted,3,8,6,1,7,2,4,5,Y,3,8,3,door_blue_striped.png,ball_blue_spotted.png,door_blue_spotted.png,ball_blue_striped.png,ball_green_spotted.png,ball_green_striped.png,door_green_spotted.png,door_green_striped.png
4,25,11,11_CP_non.mp3,1,CP,1,non-repeated,The green stripy ball,blue spotted door,0,door_blue_spotted,door,blue,spotted,ball,green,striped,,,door_blue_spotted,door_green_striped,ball_green_striped,door_blue_striped,door_green_spotted,ball_blue_spotted,ball_blue_striped,ball_green_spotted,3,8,6,1,7,2,4,5,Y,3,6,3,door_blue_striped.png,ball_blue_spotted.png,door_blue_spotted.png,ball_blue_striped.png,ball_green_spotted.png,ball_green_striped.png,door_green_spotted.png,door_green_striped.png
1,26,f45,f45.mp3,9,9,9,non-repeated,The truck,small bloom,9,,truck,,,truck,,,noun category,size,bloomSmall,,,,,,,,,,,,,,,,N,5,7,5,cup_red_striped.png,bloomLarge.png,cup_red_striped.png,cup_red_chequered.png,bloomSmall.png,cup_red_striped.png,truckLargeRight.png,cup_red_chequered.png
2,26,f45,f45.mp3,9,9,9,non-repeated,The truck,small bloom,9,,truck,,,truck,,,noun category,size,bloomSmall,,,,,,,,,,,,,,,,N,5,7,5,cup_red_striped.png,bloomLarge.png,cup_red_striped.png,cup_red_chequered.png,bloomSmall.png,cup_red_striped.png,truckLargeRight.png,cup_red_chequered.png
3,26,f45,f45.mp3,9,9,9,non-repeated,The truck,small bloom,9,,truck,,,truck,,,noun category,size,bloomSmall,,,,,,,,,,,,,,,,N,5,7,5,cup_red_striped.png,bloomLarge.png,cup_red_striped.png,cup_red_chequered.png,bloomSmall.png,cup_red_striped.png,truckLargeRight.png,cup_red_chequered.png
4,26,f45,f45.mp3,9,9,9,non-repeated,The truck,small bloom,9,,truck,,,truck,,,noun category,size,bloomSmall,,,,,,,,,,,,,,,,N,5,7,5,cup_red_striped.png,bloomLarge.png,cup_red_striped.png,cup_red_chequered.png,bloomSmall.png,cup_red_striped.png,truckLargeRight.png,cup_red_chequered.png
1,27,f13,f13.mp3,9,9,9,repeated,The large cannon,cannon facing left,9,,cannon,,,cannon,,,size,direction,cannonSmallLeft,,,,,,,,,,,,,,,,N,6,4,6,birdBlueLargeRight.png,cannonSmallRight.png,birdBlueLargeRight.png,cannonLarge.png,birdBlueLargeRight.png,cannonSmallLeft.png,birdBlueLargeRight.png,birdBlueLargeRight.png
2,27,f13,f13.mp3,9,9,9,repeated,The large cannon,cannon facing left,9,,cannon,,,cannon,,,size,direction,cannonSmallLeft,,,,,,,,,,,,,,,,N,6,4,6,birdBlueLargeRight.png,cannonSmallRight.png,birdBlueLargeRight.png,cannonLarge.png,birdBlueLargeRight.png,cannonSmallLeft.png,birdBlueLargeRight.png,birdBlueLargeRight.png
3,27,f13,f13.mp3,9,9,9,repeated,The large cannon,cannon facing left,9,,cannon,,,cannon,,,size,direction,cannonSmallLeft,,,,,,,,,,,,,,,,N,6,4,6,birdBlueLargeRight.png,cannonSmallRight.png,birdBlueLargeRight.png,cannonLarge.png,birdBlueLargeRight.png,cannonSmallLeft.png,birdBlueLargeRight.png,birdBlueLargeRight.png
4,27,f13,f13.mp3,9,9,9,repeated,The large cannon,cannon facing left,9,,cannon,,,cannon,,,size,direction,cannonSmallLeft,,,,,,,,,,,,,,,,N,6,4,6,birdBlueLargeRight.png,cannonSmallRight.png,birdBlueLargeRight.png,cannonLarge.png,birdBlueLargeRight.png,cannonSmallLeft.png,birdBlueLargeRight.png,birdBlueLargeRight.png
1,28,12,12_PC_non.mp3,2,PC,0,non-repeated,The spotty red pen,blue striped whistle,0,whistle_blue_striped,whistle,blue,striped,pen,red,spotted,,,whistle_blue_striped,whistle_red_spotted,pen_red_spotted,whistle_blue_spotted,whistle_red_striped,pen_blue_striped,pen_blue_spotted,pen_red_striped,2,8,3,1,4,5,6,7,Y,2,3,2,whistle_blue_spotted.png,whistle_blue_striped.png,pen_red_spotted.png,whistle_red_striped.png,pen_blue_striped.png,pen_blue_spotted.png,pen_red_striped.png,whistle_red_spotted.png
2,28,12,12_PC_rep.mp3,4,PC,0,repeated,The spotty red whistle,blue striped whistle,1,whistle_blue_striped,whistle,blue,striped,whistle,red,spotted,,,whistle_blue_striped,whistle_red_spotted,pen_red_spotted,whistle_blue_spotted,whistle_red_striped,pen_blue_striped,pen_blue_spotted,pen_red_striped,2,8,3,1,4,5,6,7,Y,2,8,2,whistle_blue_spotted.png,whistle_blue_striped.png,pen_red_spotted.png,whistle_red_striped.png,pen_blue_striped.png,pen_blue_spotted.png,pen_red_striped.png,whistle_red_spotted.png
3,28,12,12_CP_non.mp3,1,CP,1,non-repeated,The red spotty pen,blue striped whistle,0,whistle_blue_striped,whistle,blue,striped,pen,red,spotted,,,whistle_blue_striped,whistle_red_spotted,pen_red_spotted,whistle_blue_spotted,whistle_red_striped,pen_blue_striped,pen_blue_spotted,pen_red_striped,2,8,3,1,4,5,6,7,Y,2,3,2,whistle_blue_spotted.png,whistle_blue_striped.png,pen_red_spotted.png,whistle_red_striped.png,pen_blue_striped.png,pen_blue_spotted.png,pen_red_striped.png,whistle_red_spotted.png
4,28,12,12_CP_rep.mp3,3,CP,1,repeated,The red spotty whistle,blue striped whistle,1,whistle_blue_striped,whistle,blue,striped,whistle,red,spotted,,,whistle_blue_striped,whistle_red_spotted,pen_red_spotted,whistle_blue_spotted,whistle_red_striped,pen_blue_striped,pen_blue_spotted,pen_red_striped,2,8,3,1,4,5,6,7,Y,2,8,2,whistle_blue_spotted.png,whistle_blue_striped.png,pen_red_spotted.png,whistle_red_striped.png,pen_blue_striped.png,pen_blue_spotted.png,pen_red_striped.png,whistle_red_spotted.png
1,29,f25,f25.mp3,9,9,9,non-repeated,The glasses,large wheel,9,,wheel,,,glasses,,,noun category,size,wheelRedLarge,,,,,,,,,,,,,,,,N,2,3,2,wineglassSmall.png,wheelRedLarge.png,glassesSmallRight.png,wineglassSmallDown.png,wineglassSmall.png,wineglassSmallDown.png,wheelRedSmall.png,wineglassSmall.png
2,29,f25,f25.mp3,9,9,9,non-repeated,The glasses,large wheel,9,,wheel,,,glasses,,,noun category,size,wheelRedLarge,,,,,,,,,,,,,,,,N,2,3,2,wineglassSmall.png,wheelRedLarge.png,glassesSmallRight.png,wineglassSmallDown.png,wineglassSmall.png,wineglassSmallDown.png,wheelRedSmall.png,wineglassSmall.png
3,29,f25,f25.mp3,9,9,9,non-repeated,The glasses,large wheel,9,,wheel,,,glasses,,,noun category,size,wheelRedLarge,,,,,,,,,,,,,,,,N,2,3,2,wineglassSmall.png,wheelRedLarge.png,glassesSmallRight.png,wineglassSmallDown.png,wineglassSmall.png,wineglassSmallDown.png,wheelRedSmall.png,wineglassSmall.png
4,29,f25,f25.mp3,9,9,9,non-repeated,The glasses,large wheel,9,,wheel,,,glasses,,,noun category,size,wheelRedLarge,,,,,,,,,,,,,,,,N,2,3,2,wineglassSmall.png,wheelRedLarge.png,glassesSmallRight.png,wineglassSmallDown.png,wineglassSmall.png,wineglassSmallDown.png,wheelRedSmall.png,wineglassSmall.png
1,30,13,13_CP_non.mp3,1,CP,1,non-repeated,The red chequered arrow,green spotted flag,0,flag_green_spotted,flag,green,spotted,arrow,red,chequered,,,flag_green_spotted,flag_red_chequered,arrow_red_chequered,flag_green_chequered,flag_red_spotted,arrow_green_spotted,arrow_green_chequered,arrow_red_spotted,4,1,7,6,5,8,2,3,Y,4,7,4,flag_red_chequered.png,arrow_green_chequered.png,arrow_red_spotted.png,flag_green_spotted.png,flag_red_spotted.png,flag_green_chequered.png,arrow_red_chequered.png,arrow_green_spotted.png
2,30,13,13_CP_rep.mp3,3,CP,1,repeated,The red chequered flag,green spotted flag,1,flag_green_spotted,flag,green,spotted,flag,red,chequered,,,flag_green_spotted,flag_red_chequered,arrow_red_chequered,flag_green_chequered,flag_red_spotted,arrow_green_spotted,arrow_green_chequered,arrow_red_spotted,4,1,7,6,5,8,2,3,Y,4,1,4,flag_red_chequered.png,arrow_green_chequered.png,arrow_red_spotted.png,flag_green_spotted.png,flag_red_spotted.png,flag_green_chequered.png,arrow_red_chequered.png,arrow_green_spotted.png
3,30,13,13_PC_non.mp3,2,PC,0,non-repeated,The chequered red arrow,green spotted flag,0,flag_green_spotted,flag,green,spotted,arrow,red,chequered,,,flag_green_spotted,flag_red_chequered,arrow_red_chequered,flag_green_chequered,flag_red_spotted,arrow_green_spotted,arrow_green_chequered,arrow_red_spotted,4,1,7,6,5,8,2,3,Y,4,7,4,flag_red_chequered.png,arrow_green_chequered.png,arrow_red_spotted.png,flag_green_spotted.png,flag_red_spotted.png,flag_green_chequered.png,arrow_red_chequered.png,arrow_green_spotted.png
4,30,13,13_PC_rep.mp3,4,PC,0,repeated,The chequered red flag,green spotted flag,1,flag_green_spotted,flag,green,spotted,flag,red,chequered,,,flag_green_spotted,flag_red_chequered,arrow_red_chequered,flag_green_chequered,flag_red_spotted,arrow_green_spotted,arrow_green_chequered,arrow_red_spotted,4,1,7,6,5,8,2,3,Y,4,1,4,flag_red_chequered.png,arrow_green_chequered.png,arrow_red_spotted.png,flag_green_spotted.png,flag_red_spotted.png,flag_green_chequered.png,arrow_red_chequered.png,arrow_green_spotted.png
1,31,f08,f08.mp3,9,9,9,repeated,The small handle,handle facing left,9,,handle,,,handle,,,size,direction,handleBlueLargeLeft,,,,,,,,,,,,,,,,N,8,1,8,handleBlueSmall.png,toothbrush_blue_striped.png,toothbrush_blue_chequered.png,handleBlueLarge.png,toothbrush_blue_chequered.png,toothbrush_blue_chequered.png,toothbrush_blue_striped.png,handleBlueLargeLeft.png
2,31,f08,f08.mp3,9,9,9,repeated,The small handle,handle facing left,9,,handle,,,handle,,,size,direction,handleBlueLargeLeft,,,,,,,,,,,,,,,,N,8,1,8,handleBlueSmall.png,toothbrush_blue_striped.png,toothbrush_blue_chequered.png,handleBlueLarge.png,toothbrush_blue_chequered.png,toothbrush_blue_chequered.png,toothbrush_blue_striped.png,handleBlueLargeLeft.png
3,31,f08,f08.mp3,9,9,9,repeated,The small handle,handle facing left,9,,handle,,,handle,,,size,direction,handleBlueLargeLeft,,,,,,,,,,,,,,,,N,8,1,8,handleBlueSmall.png,toothbrush_blue_striped.png,toothbrush_blue_chequered.png,handleBlueLarge.png,toothbrush_blue_chequered.png,toothbrush_blue_chequered.png,toothbrush_blue_striped.png,handleBlueLargeLeft.png
4,31,f08,f08.mp3,9,9,9,repeated,The small handle,handle facing left,9,,handle,,,handle,,,size,direction,handleBlueLargeLeft,,,,,,,,,,,,,,,,N,8,1,8,handleBlueSmall.png,toothbrush_blue_striped.png,toothbrush_blue_chequered.png,handleBlueLarge.png,toothbrush_blue_chequered.png,toothbrush_blue_chequered.png,toothbrush_blue_striped.png,handleBlueLargeLeft.png
1,32,14,14_CP_rep.mp3,3,CP,1,repeated,The green spotty axe,blue chequered axe,1,axe_blue_chequered,axe,blue,chequered,axe,green,spotted,,,axe_blue_chequered,axe_green_spotted,bus_green_spotted,axe_blue_spotted,axe_green_chequered,bus_blue_chequered,bus_blue_spotted,bus_green_chequered,1,2,8,5,6,4,7,3,Y,1,2,1,axe_blue_chequered.png,axe_green_spotted.png,bus_green_chequered.png,bus_blue_chequered.png,axe_blue_spotted.png,axe_green_chequered.png,bus_blue_spotted.png,bus_green_spotted.png
2,32,14,14_PC_non.mp3,2,PC,0,non-repeated,The spotty green bus,blue chequered axe,0,axe_blue_chequered,axe,blue,chequered,bus,green,spotted,,,axe_blue_chequered,axe_green_spotted,bus_green_spotted,axe_blue_spotted,axe_green_chequered,bus_blue_chequered,bus_blue_spotted,bus_green_chequered,1,2,8,5,6,4,7,3,Y,1,8,1,axe_blue_chequered.png,axe_green_spotted.png,bus_green_chequered.png,bus_blue_chequered.png,axe_blue_spotted.png,axe_green_chequered.png,bus_blue_spotted.png,bus_green_spotted.png
3,32,14,14_PC_rep.mp3,4,PC,0,repeated,The spotty green axe,blue chequered axe,1,axe_blue_chequered,axe,blue,chequered,axe,green,spotted,,,axe_blue_chequered,axe_green_spotted,bus_green_spotted,axe_blue_spotted,axe_green_chequered,bus_blue_chequered,bus_blue_spotted,bus_green_chequered,1,2,8,5,6,4,7,3,Y,1,2,1,axe_blue_chequered.png,axe_green_spotted.png,bus_green_chequered.png,bus_blue_chequered.png,axe_blue_spotted.png,axe_green_chequered.png,bus_blue_spotted.png,bus_green_spotted.png
4,32,14,14_CP_non.mp3,1,CP,1,non-repeated,The green spotty bus,blue chequered axe,0,axe_blue_chequered,axe,blue,chequered,bus,green,spotted,,,axe_blue_chequered,axe_green_spotted,bus_green_spotted,axe_blue_spotted,axe_green_chequered,bus_blue_chequered,bus_blue_spotted,bus_green_chequered,1,2,8,5,6,4,7,3,Y,1,8,1,axe_blue_chequered.png,axe_green_spotted.png,bus_green_chequered.png,bus_blue_chequered.png,axe_blue_spotted.png,axe_green_chequered.png,bus_blue_spotted.png,bus_green_spotted.png
1,33,f11,f11.mp3,9,9,9,repeated,The butterfly upside down,large butterfly,9,,butterfly,,,butterfly,,,direction,size,butterflyBlueLarge,,,,,,,,,,,,,,,,N,4,1,4,butterflyBlueSmallDown.png,alligatorLargeLeft.png,alligatorSmallLeft.png,butterflyBlueLarge.png,alligatorLargeLeft.png,alligatorSmallLeft.png,alligatorSmallLeft.png,butterflyBlueSmall.png
2,33,f11,f11.mp3,9,9,9,repeated,The butterfly upside down,large butterfly,9,,butterfly,,,butterfly,,,direction,size,butterflyBlueLarge,,,,,,,,,,,,,,,,N,4,1,4,butterflyBlueSmallDown.png,alligatorLargeLeft.png,alligatorSmallLeft.png,butterflyBlueLarge.png,alligatorLargeLeft.png,alligatorSmallLeft.png,alligatorSmallLeft.png,butterflyBlueSmall.png
3,33,f11,f11.mp3,9,9,9,repeated,The butterfly upside down,large butterfly,9,,butterfly,,,butterfly,,,direction,size,butterflyBlueLarge,,,,,,,,,,,,,,,,N,4,1,4,butterflyBlueSmallDown.png,alligatorLargeLeft.png,alligatorSmallLeft.png,butterflyBlueLarge.png,alligatorLargeLeft.png,alligatorSmallLeft.png,alligatorSmallLeft.png,butterflyBlueSmall.png
4,33,f11,f11.mp3,9,9,9,repeated,The butterfly upside down,large butterfly,9,,butterfly,,,butterfly,,,direction,size,butterflyBlueLarge,,,,,,,,,,,,,,,,N,4,1,4,butterflyBlueSmallDown.png,alligatorLargeLeft.png,alligatorSmallLeft.png,butterflyBlueLarge.png,alligatorLargeLeft.png,alligatorSmallLeft.png,alligatorSmallLeft.png,butterflyBlueSmall.png
1,34,f48,f48.mp3,9,9,9,non-repeated,The bear,bat,9,,bear,,,bear,,,noun category,noun category,batGreySmall,,,,,,,,,,,,,,,,N,8,3,8,sledgeGreenSmallLeft.png,sledgeRedSmallLeft.png,bearSmallRight.png,sledgeGreenSmallLeft.png,sledgeGreenSmallLeft.png,sledgeRedSmallLeft.png,sledgeGreenSmallLeft.png,batGreySmall.png
2,34,f48,f48.mp3,9,9,9,non-repeated,The bear,bat,9,,bear,,,bear,,,noun category,noun category,batGreySmall,,,,,,,,,,,,,,,,N,8,3,8,sledgeGreenSmallLeft.png,sledgeRedSmallLeft.png,bearSmallRight.png,sledgeGreenSmallLeft.png,sledgeGreenSmallLeft.png,sledgeRedSmallLeft.png,sledgeGreenSmallLeft.png,batGreySmall.png
3,34,f48,f48.mp3,9,9,9,non-repeated,The bear,bat,9,,bear,,,bear,,,noun category,noun category,batGreySmall,,,,,,,,,,,,,,,,N,8,3,8,sledgeGreenSmallLeft.png,sledgeRedSmallLeft.png,bearSmallRight.png,sledgeGreenSmallLeft.png,sledgeGreenSmallLeft.png,sledgeRedSmallLeft.png,sledgeGreenSmallLeft.png,batGreySmall.png
4,34,f48,f48.mp3,9,9,9,non-repeated,The bear,bat,9,,bear,,,bear,,,noun category,noun category,batGreySmall,,,,,,,,,,,,,,,,N,8,3,8,sledgeGreenSmallLeft.png,sledgeRedSmallLeft.png,bearSmallRight.png,sledgeGreenSmallLeft.png,sledgeGreenSmallLeft.png,sledgeRedSmallLeft.png,sledgeGreenSmallLeft.png,batGreySmall.png
1,35,15,15_PC_rep.mp3,4,PC,0,repeated,The stripy blue spoon,red spotted spoon,1,spoon_red_spotted,spoon,red,spotted,spoon,blue,striped,,,spoon_red_spotted,spoon_blue_striped,top_blue_striped,spoon_red_striped,spoon_blue_spotted,top_red_spotted,top_red_striped,top_blue_spotted,1,3,6,8,5,7,2,4,Y,1,3,1,spoon_red_spotted.png,top_red_striped.png,spoon_blue_striped.png,top_blue_spotted.png,spoon_blue_spotted.png,top_blue_striped.png,top_red_spotted.png,spoon_red_striped.png
2,35,15,15_CP_non.mp3,1,CP,1,non-repeated,The blue stripy top,red spotted spoon,0,spoon_red_spotted,spoon,red,spotted,top,blue,striped,,,spoon_red_spotted,spoon_blue_striped,top_blue_striped,spoon_red_striped,spoon_blue_spotted,top_red_spotted,top_red_striped,top_blue_spotted,1,3,6,8,5,7,2,4,Y,1,6,1,spoon_red_spotted.png,top_red_striped.png,spoon_blue_striped.png,top_blue_spotted.png,spoon_blue_spotted.png,top_blue_striped.png,top_red_spotted.png,spoon_red_striped.png
3,35,15,15_CP_rep.mp3,3,CP,1,repeated,The blue stripy spoon,red spotted spoon,1,spoon_red_spotted,spoon,red,spotted,spoon,blue,striped,,,spoon_red_spotted,spoon_blue_striped,top_blue_striped,spoon_red_striped,spoon_blue_spotted,top_red_spotted,top_red_striped,top_blue_spotted,1,3,6,8,5,7,2,4,Y,1,3,1,spoon_red_spotted.png,top_red_striped.png,spoon_blue_striped.png,top_blue_spotted.png,spoon_blue_spotted.png,top_blue_striped.png,top_red_spotted.png,spoon_red_striped.png
4,35,15,15_PC_non.mp3,2,PC,0,non-repeated,The stripy blue top,red spotted spoon,0,spoon_red_spotted,spoon,red,spotted,top,blue,striped,,,spoon_red_spotted,spoon_blue_striped,top_blue_striped,spoon_red_striped,spoon_blue_spotted,top_red_spotted,top_red_striped,top_blue_spotted,1,3,6,8,5,7,2,4,Y,1,6,1,spoon_red_spotted.png,top_red_striped.png,spoon_blue_striped.png,top_blue_spotted.png,spoon_blue_spotted.png,top_blue_striped.png,top_red_spotted.png,spoon_red_striped.png
1,36,f27,f27.mp3,9,9,9,repeated,The helicopter facing right,small helicopter,9,,helicopter,,,helicopter,,,directionoun category,size,helicopterSmallLeft,,,,,,,,,,,,,,,,N,4,5,4,anchorBlueSmall.png,anchorRedSmall.png,anchorRedSmall.png,helicopterSmallLeft.png,helicopterBlueLarge.png,anchorRedSmall.png,helicopterLargeLeft.png,anchorBlueSmall.png
2,36,f27,f27.mp3,9,9,9,repeated,The helicopter facing right,small helicopter,9,,helicopter,,,helicopter,,,directionoun category,size,helicopterSmallLeft,,,,,,,,,,,,,,,,N,4,5,4,anchorBlueSmall.png,anchorRedSmall.png,anchorRedSmall.png,helicopterSmallLeft.png,helicopterBlueLarge.png,anchorRedSmall.png,helicopterLargeLeft.png,anchorBlueSmall.png
3,36,f27,f27.mp3,9,9,9,repeated,The helicopter facing right,small helicopter,9,,helicopter,,,helicopter,,,directionoun category,size,helicopterSmallLeft,,,,,,,,,,,,,,,,N,4,5,4,anchorBlueSmall.png,anchorRedSmall.png,anchorRedSmall.png,helicopterSmallLeft.png,helicopterBlueLarge.png,anchorRedSmall.png,helicopterLargeLeft.png,anchorBlueSmall.png
4,36,f27,f27.mp3,9,9,9,repeated,The helicopter facing right,small helicopter,9,,helicopter,,,helicopter,,,directionoun category,size,helicopterSmallLeft,,,,,,,,,,,,,,,,N,4,5,4,anchorBlueSmall.png,anchorRedSmall.png,anchorRedSmall.png,helicopterSmallLeft.png,helicopterBlueLarge.png,anchorRedSmall.png,helicopterLargeLeft.png,anchorBlueSmall.png
1,37,16,16_PC_non.mp3,2,PC,0,non-repeated,The spotty blue desk,green chequered clock,0,clock_green_chequered,clock,green,chequered,desk,blue,spotted,,,clock_green_chequered,clock_blue_spotted,desk_blue_spotted,clock_green_spotted,clock_blue_chequered,desk_green_chequered,desk_green_spotted,desk_blue_chequered,7,4,6,5,1,2,3,8,Y,7,6,7,clock_blue_chequered.png,desk_green_chequered.png,desk_green_spotted.png,clock_blue_spotted.png,clock_green_spotted.png,desk_blue_spotted.png,clock_green_chequered.png,desk_blue_chequered.png
2,37,16,16_PC_rep.mp3,4,PC,0,repeated,The spotty blue clock,green chequered clock,1,clock_green_chequered,clock,green,chequered,clock,blue,spotted,,,clock_green_chequered,clock_blue_spotted,desk_blue_spotted,clock_green_spotted,clock_blue_chequered,desk_green_chequered,desk_green_spotted,desk_blue_chequered,7,4,6,5,1,2,3,8,Y,7,4,7,clock_blue_chequered.png,desk_green_chequered.png,desk_green_spotted.png,clock_blue_spotted.png,clock_green_spotted.png,desk_blue_spotted.png,clock_green_chequered.png,desk_blue_chequered.png
3,37,16,16_CP_non.mp3,1,CP,1,non-repeated,The blue spotty desk,green chequered clock,0,clock_green_chequered,clock,green,chequered,desk,blue,spotted,,,clock_green_chequered,clock_blue_spotted,desk_blue_spotted,clock_green_spotted,clock_blue_chequered,desk_green_chequered,desk_green_spotted,desk_blue_chequered,7,4,6,5,1,2,3,8,Y,7,6,7,clock_blue_chequered.png,desk_green_chequered.png,desk_green_spotted.png,clock_blue_spotted.png,clock_green_spotted.png,desk_blue_spotted.png,clock_green_chequered.png,desk_blue_chequered.png
4,37,16,16_CP_rep.mp3,3,CP,1,repeated,The blue spotty clock,green chequered clock,1,clock_green_chequered,clock,green,chequered,clock,blue,spotted,,,clock_green_chequered,clock_blue_spotted,desk_blue_spotted,clock_green_spotted,clock_blue_chequered,desk_green_chequered,desk_green_spotted,desk_blue_chequered,7,4,6,5,1,2,3,8,Y,7,4,7,clock_blue_chequered.png,desk_green_chequered.png,desk_green_spotted.png,clock_blue_spotted.png,clock_green_spotted.png,desk_blue_spotted.png,clock_green_chequered.png,desk_blue_chequered.png
1,38,f10,f10.mp3,9,9,9,repeated,The large broom,the broom upside down,9,,broom,,,broom,,,size,direction,broomGreenSmallUpsideDown,,,,,,,,,,,,,,,,N,3,6,3,flyLeft.png,broomGreenSmall.png,broomGreenSmallUpsideDown.png,flyLeft.png,flyRight.png,broomGreenLarge.png,flyRight.png,flyRight.png
2,38,f10,f10.mp3,9,9,9,repeated,The large broom,the broom upside down,9,,broom,,,broom,,,size,direction,broomGreenSmallUpsideDown,,,,,,,,,,,,,,,,N,3,6,3,flyLeft.png,broomGreenSmall.png,broomGreenSmallUpsideDown.png,flyLeft.png,flyRight.png,broomGreenLarge.png,flyRight.png,flyRight.png
3,38,f10,f10.mp3,9,9,9,repeated,The large broom,the broom upside down,9,,broom,,,broom,,,size,direction,broomGreenSmallUpsideDown,,,,,,,,,,,,,,,,N,3,6,3,flyLeft.png,broomGreenSmall.png,broomGreenSmallUpsideDown.png,flyLeft.png,flyRight.png,broomGreenLarge.png,flyRight.png,flyRight.png
4,38,f10,f10.mp3,9,9,9,repeated,The large broom,the broom upside down,9,,broom,,,broom,,,size,direction,broomGreenSmallUpsideDown,,,,,,,,,,,,,,,,N,3,6,3,flyLeft.png,broomGreenSmall.png,broomGreenSmallUpsideDown.png,flyLeft.png,flyRight.png,broomGreenLarge.png,flyRight.png,flyRight.png
1,39,f35,f35.mp3,9,9,9,non-repeated,The rat,large fly,9,,fly,,,rat,,,noun category,noun category,flyLeft,,,,,,,,,,,,,,,,N,5,4,5,garbagecan_green_spotted.png,garbagecan_green_spotted.png,saw_green_spotted.png,ratGreySmallLeft.png,flyLeft.png,saw_green_spotted.png,flySmall.png,saw_green_spotted.png
2,39,f35,f35.mp3,9,9,9,non-repeated,The rat,large fly,9,,fly,,,rat,,,noun category,noun category,flyLeft,,,,,,,,,,,,,,,,N,5,4,5,garbagecan_green_spotted.png,garbagecan_green_spotted.png,saw_green_spotted.png,ratGreySmallLeft.png,flyLeft.png,saw_green_spotted.png,flySmall.png,saw_green_spotted.png
3,39,f35,f35.mp3,9,9,9,non-repeated,The rat,large fly,9,,fly,,,rat,,,noun category,noun category,flyLeft,,,,,,,,,,,,,,,,N,5,4,5,garbagecan_green_spotted.png,garbagecan_green_spotted.png,saw_green_spotted.png,ratGreySmallLeft.png,flyLeft.png,saw_green_spotted.png,flySmall.png,saw_green_spotted.png
4,39,f35,f35.mp3,9,9,9,non-repeated,The rat,large fly,9,,fly,,,rat,,,noun category,noun category,flyLeft,,,,,,,,,,,,,,,,N,5,4,5,garbagecan_green_spotted.png,garbagecan_green_spotted.png,saw_green_spotted.png,ratGreySmallLeft.png,flyLeft.png,saw_green_spotted.png,flySmall.png,saw_green_spotted.png
1,40,17,17_PC_rep.mp3,4,PC,0,repeated,The stripy green saucepan,red chequered saucepan,1,saucepan_red_chequered,saucepan,red,chequered,saucepan,green,striped,,,saucepan_red_chequered,saucepan_green_striped,clothespeg_green_striped,saucepan_red_striped,saucepan_green_chequered,clothespeg_red_chequered,clothespeg_red_striped,clothespeg_green_chequered,8,2,7,5,3,1,4,6,Y,8,2,8,clothespeg_red_chequered.png,saucepan_green_striped.png,saucepan_green_chequered.png,clothespeg_red_striped.png,saucepan_red_striped.png,clothespeg_green_chequered.png,clothespeg_green_striped.png,saucepan_red_chequered.png
2,40,17,17_CP_non.mp3,1,CP,1,non-repeated,The green stripy clothespeg,red chequered saucepan,0,saucepan_red_chequered,saucepan,red,chequered,clothespeg,green,striped,,,saucepan_red_chequered,saucepan_green_striped,clothespeg_green_striped,saucepan_red_striped,saucepan_green_chequered,clothespeg_red_chequered,clothespeg_red_striped,clothespeg_green_chequered,8,2,7,5,3,1,4,6,Y,8,7,8,clothespeg_red_chequered.png,saucepan_green_striped.png,saucepan_green_chequered.png,clothespeg_red_striped.png,saucepan_red_striped.png,clothespeg_green_chequered.png,clothespeg_green_striped.png,saucepan_red_chequered.png
3,40,17,17_CP_rep.mp3,3,CP,1,repeated,The green stripy saucepan,red chequered saucepan,1,saucepan_red_chequered,saucepan,red,chequered,saucepan,green,striped,,,saucepan_red_chequered,saucepan_green_striped,clothespeg_green_striped,saucepan_red_striped,saucepan_green_chequered,clothespeg_red_chequered,clothespeg_red_striped,clothespeg_green_chequered,8,2,7,5,3,1,4,6,Y,8,2,8,clothespeg_red_chequered.png,saucepan_green_striped.png,saucepan_green_chequered.png,clothespeg_red_striped.png,saucepan_red_striped.png,clothespeg_green_chequered.png,clothespeg_green_striped.png,saucepan_red_chequered.png
4,40,17,17_PC_non.mp3,2,PC,0,non-repeated,The stripy green clothespeg,red chequered saucepan,0,saucepan_red_chequered,saucepan,red,chequered,clothespeg,green,striped,,,saucepan_red_chequered,saucepan_green_striped,clothespeg_green_striped,saucepan_red_striped,saucepan_green_chequered,clothespeg_red_chequered,clothespeg_red_striped,clothespeg_green_chequered,8,2,7,5,3,1,4,6,Y,8,7,8,clothespeg_red_chequered.png,saucepan_green_striped.png,saucepan_green_chequered.png,clothespeg_red_striped.png,saucepan_red_striped.png,clothespeg_green_chequered.png,clothespeg_green_striped.png,saucepan_red_chequered.png
1,41,f18,f18.mp3,9,9,9,repeated,The donkey facing left,large donkey,9,,donkey,,,donkey,,,directionoun category,size,donkeyLargeRight,,,,,,,,,,,,,,,,N,3,5,3,donkeySmallRight.png,broomGreenSmall.png,donkeyLargeRight.png,broomGreenLarge.png,donkeySmallLeft.png,broomGreenLarge.png,broomGreenSmall.png,broomGreenSmall.png
2,41,f18,f18.mp3,9,9,9,repeated,The donkey facing left,large donkey,9,,donkey,,,donkey,,,directionoun category,size,donkeyLargeRight,,,,,,,,,,,,,,,,N,3,5,3,donkeySmallRight.png,broomGreenSmall.png,donkeyLargeRight.png,broomGreenLarge.png,donkeySmallLeft.png,broomGreenLarge.png,broomGreenSmall.png,broomGreenSmall.png
3,41,f18,f18.mp3,9,9,9,repeated,The donkey facing left,large donkey,9,,donkey,,,donkey,,,directionoun category,size,donkeyLargeRight,,,,,,,,,,,,,,,,N,3,5,3,donkeySmallRight.png,broomGreenSmall.png,donkeyLargeRight.png,broomGreenLarge.png,donkeySmallLeft.png,broomGreenLarge.png,broomGreenSmall.png,broomGreenSmall.png
4,41,f18,f18.mp3,9,9,9,repeated,The donkey facing left,large donkey,9,,donkey,,,donkey,,,directionoun category,size,donkeyLargeRight,,,,,,,,,,,,,,,,N,3,5,3,donkeySmallRight.png,broomGreenSmall.png,donkeyLargeRight.png,broomGreenLarge.png,donkeySmallLeft.png,broomGreenLarge.png,broomGreenSmall.png,broomGreenSmall.png
1,42,f47,f47.mp3,9,9,9,non-repeated,The watering can,cup,9,,wateringcan,,,wateringcan,,,noun category,noun category,cupBlueLarge,,,,,,,,,,,,,,,,N,1,3,1,cupBlueLarge.png,motorcycleSmallRight.png,wateringcanBlueLarge.png,motorcycleLargeRight.png,motorcycleSmallRight.png,motorcycleLargeRight.png,motorcycleLargeRight.png,motorcycleLargeRight.png
2,42,f47,f47.mp3,9,9,9,non-repeated,The watering can,cup,9,,wateringcan,,,wateringcan,,,noun category,noun category,cupBlueLarge,,,,,,,,,,,,,,,,N,1,3,1,cupBlueLarge.png,motorcycleSmallRight.png,wateringcanBlueLarge.png,motorcycleLargeRight.png,motorcycleSmallRight.png,motorcycleLargeRight.png,motorcycleLargeRight.png,motorcycleLargeRight.png
3,42,f47,f47.mp3,9,9,9,non-repeated,The watering can,cup,9,,wateringcan,,,wateringcan,,,noun category,noun category,cupBlueLarge,,,,,,,,,,,,,,,,N,1,3,1,cupBlueLarge.png,motorcycleSmallRight.png,wateringcanBlueLarge.png,motorcycleLargeRight.png,motorcycleSmallRight.png,motorcycleLargeRight.png,motorcycleLargeRight.png,motorcycleLargeRight.png
4,42,f47,f47.mp3,9,9,9,non-repeated,The watering can,cup,9,,wateringcan,,,wateringcan,,,noun category,noun category,cupBlueLarge,,,,,,,,,,,,,,,,N,1,3,1,cupBlueLarge.png,motorcycleSmallRight.png,wateringcanBlueLarge.png,motorcycleLargeRight.png,motorcycleSmallRight.png,motorcycleLargeRight.png,motorcycleLargeRight.png,motorcycleLargeRight.png
1,43,18,18_CP_rep.mp3,3,CP,1,repeated,The red spotty guitar,green striped guitar,1,guitar_green_striped,guitar,green,striped,guitar,red,spotted,,,guitar_green_striped,guitar_red_spotted,screwdriver_red_spotted,guitar_green_spotted,guitar_red_striped,screwdriver_green_striped,screwdriver_green_spotted,screwdriver_red_striped,8,1,2,3,4,6,5,7,Y,8,1,8,guitar_red_spotted.png,screwdriver_red_spotted.png,guitar_green_spotted.png,guitar_red_striped.png,screwdriver_green_spotted.png,screwdriver_green_striped.png,screwdriver_red_striped.png,guitar_green_striped.png
2,43,18,18_PC_non.mp3,2,PC,0,non-repeated,The spotty red screwdriver,green striped guitar,0,guitar_green_striped,guitar,green,striped,screwdriver,red,spotted,,,guitar_green_striped,guitar_red_spotted,screwdriver_red_spotted,guitar_green_spotted,guitar_red_striped,screwdriver_green_striped,screwdriver_green_spotted,screwdriver_red_striped,8,1,2,3,4,6,5,7,Y,8,2,8,guitar_red_spotted.png,screwdriver_red_spotted.png,guitar_green_spotted.png,guitar_red_striped.png,screwdriver_green_spotted.png,screwdriver_green_striped.png,screwdriver_red_striped.png,guitar_green_striped.png
3,43,18,18_PC_rep.mp3,4,PC,0,repeated,The spotty red guitar,green striped guitar,1,guitar_green_striped,guitar,green,striped,guitar,red,spotted,,,guitar_green_striped,guitar_red_spotted,screwdriver_red_spotted,guitar_green_spotted,guitar_red_striped,screwdriver_green_striped,screwdriver_green_spotted,screwdriver_red_striped,8,1,2,3,4,6,5,7,Y,8,1,8,guitar_red_spotted.png,screwdriver_red_spotted.png,guitar_green_spotted.png,guitar_red_striped.png,screwdriver_green_spotted.png,screwdriver_green_striped.png,screwdriver_red_striped.png,guitar_green_striped.png
4,43,18,18_CP_non.mp3,1,CP,1,non-repeated,The red spotty screwdriver,green striped guitar,0,guitar_green_striped,guitar,green,striped,screwdriver,red,spotted,,,guitar_green_striped,guitar_red_spotted,screwdriver_red_spotted,guitar_green_spotted,guitar_red_striped,screwdriver_green_striped,screwdriver_green_spotted,screwdriver_red_striped,8,1,2,3,4,6,5,7,Y,8,2,8,guitar_red_spotted.png,screwdriver_red_spotted.png,guitar_green_spotted.png,guitar_red_striped.png,screwdriver_green_spotted.png,screwdriver_green_striped.png,screwdriver_red_striped.png,guitar_green_striped.png
